Year,Race,Track,Driver,Team,LapNumber,Compound,TyreLife,TrackStatus,PracticeLapTimeDelta,QualifyingLapTimeDelta
2021,Bahrain Grand Prix,Bahrain International Circuit,RIC,McLaren,9.0,SOFT,2.0,1,1.0042,1.0104
2021,Bahrain Grand Prix,Bahrain International Circuit,RUS,Williams,7.0,SOFT,2.0,1,1.0163,1.0498
2021,Bahrain Grand Prix,Bahrain International Circuit,SAI,Ferrari,8.0,SOFT,2.0,1,1.0031,1.0137
2021,Bahrain Grand Prix,Bahrain International Circuit,MSC,Haas F1 Team,9.0,SOFT,2.0,1,1.027,1.0388
2021,Bahrain Grand Prix,Bahrain International Circuit,HAM,Mercedes,8.0,SOFT,2.0,1,1.0026,1.0044
2021,Bahrain Grand Prix,Bahrain International Circuit,VER,Red Bull Racing,8.0,SOFT,2.0,1,1.0,1.0
2021,Bahrain Grand Prix,Bahrain International Circuit,OCO,Alpine,6.0,SOFT,2.0,1,1.0083,1.0306
2021,Bahrain Grand Prix,Bahrain International Circuit,TSU,AlphaTauri,8.0,SOFT,2.0,1,1.0049,1.0248
2021,Bahrain Grand Prix,Bahrain International Circuit,STR,Aston Martin,7.0,SOFT,2.0,1,1.006,1.018
2021,Bahrain Grand Prix,Bahrain International Circuit,LEC,Ferrari,8.0,SOFT,2.0,1,1.0084,1.0077
2021,Bahrain Grand Prix,Bahrain International Circuit,ALO,Alpine,8.0,SOFT,2.0,1,1.0102,1.0141
2021,Bahrain Grand Prix,Bahrain International Circuit,PER,Red Bull Racing,8.0,SOFT,2.0,1,1.0072,1.0187
2021,Bahrain Grand Prix,Bahrain International Circuit,GAS,AlphaTauri,8.0,SOFT,2.0,1,1.007,1.0091
2021,Bahrain Grand Prix,Bahrain International Circuit,MAZ,Haas F1 Team,6.0,SOFT,2.0,1,1.0286,1.048
2021,Bahrain Grand Prix,Bahrain International Circuit,RAI,Alfa Romeo Racing,8.0,SOFT,2.0,1,1.0112,1.0252
2021,Bahrain Grand Prix,Bahrain International Circuit,LAT,Williams,7.0,SOFT,2.0,1,1.0281,1.033
2021,Bahrain Grand Prix,Bahrain International Circuit,VET,Aston Martin,8.0,SOFT,2.0,1,1.0101,1.0344
2021,Bahrain Grand Prix,Bahrain International Circuit,NOR,McLaren,10.0,SOFT,2.0,1,1.001,1.011
2021,Bahrain Grand Prix,Bahrain International Circuit,BOT,Mercedes,8.0,SOFT,2.0,1,1.0041,1.0066
2021,Bahrain Grand Prix,Bahrain International Circuit,GIO,Alfa Romeo Racing,10.0,SOFT,2.0,1,1.0098,1.0192
2021,Emilia Romagna Grand Prix,Imola Circuit,RIC,McLaren,8.0,MEDIUM,8.0,1,1.0229,1.0056
2021,Emilia Romagna Grand Prix,Imola Circuit,RUS,Williams,14.0,SOFT,8.0,1,1.0215,1.0114
2021,Emilia Romagna Grand Prix,Imola Circuit,SAI,Ferrari,10.0,SOFT,2.0,1,1.0037,1.0106
2021,Emilia Romagna Grand Prix,Imola Circuit,MSC,Haas F1 Team,18.0,SOFT,6.0,1,1.0238,1.0251
2021,Emilia Romagna Grand Prix,Imola Circuit,HAM,Mercedes,13.0,SOFT,4.0,1,1.0001,1.0
2021,Emilia Romagna Grand Prix,Imola Circuit,VER,Red Bull Racing,2.0,MEDIUM,2.0,1,1.0192,1.0012
2021,Emilia Romagna Grand Prix,Imola Circuit,OCO,Alpine,9.0,SOFT,2.0,1,1.0168,1.0107
2021,Emilia Romagna Grand Prix,Imola Circuit,TSU,AlphaTauri,11.0,SOFT,4.0,1,1.0115,
2021,Emilia Romagna Grand Prix,Imola Circuit,STR,Aston Martin,8.0,SOFT,2.0,1,1.0157,1.0103
2021,Emilia Romagna Grand Prix,Imola Circuit,LEC,Ferrari,11.0,SOFT,5.0,1,1.0109,1.0044
2021,Emilia Romagna Grand Prix,Imola Circuit,ALO,Alpine,11.0,SOFT,4.0,1,1.017,1.0159
2021,Emilia Romagna Grand Prix,Imola Circuit,PER,Red Bull Racing,12.0,SOFT,4.0,1,1.0114,1.0005
2021,Emilia Romagna Grand Prix,Imola Circuit,GAS,AlphaTauri,12.0,SOFT,4.0,1,1.001,1.0051
2021,Emilia Romagna Grand Prix,Imola Circuit,MAZ,Haas F1 Team,11.0,SOFT,7.0,1,1.0305,1.0321
2021,Emilia Romagna Grand Prix,Imola Circuit,RAI,Alfa Romeo Racing,12.0,SOFT,2.0,1,1.0228,1.021
2021,Emilia Romagna Grand Prix,Imola Circuit,LAT,Williams,10.0,SOFT,4.0,1,1.0168,1.0159
2021,Emilia Romagna Grand Prix,Imola Circuit,VET,Aston Martin,9.0,SOFT,2.0,1,1.0204,1.0132
2021,Emilia Romagna Grand Prix,Imola Circuit,NOR,McLaren,11.0,SOFT,2.0,1,1.0124,1.0062
2021,Emilia Romagna Grand Prix,Imola Circuit,BOT,Mercedes,8.0,MEDIUM,8.0,1,1.0,1.0065
2021,Emilia Romagna Grand Prix,Imola Circuit,GIO,Alfa Romeo Racing,10.0,SOFT,2.0,1,1.0127,1.023
2021,Portuguese Grand Prix,Algarve International Circuit,RIC,McLaren,16.0,SOFT,4.0,1,1.0073,1.019
2021,Portuguese Grand Prix,Algarve International Circuit,RUS,Williams,14.0,SOFT,5.0,1,1.0143,1.0097
2021,Portuguese Grand Prix,Algarve International Circuit,SAI,Ferrari,11.0,SOFT,3.0,1,1.0045,1.0088
2021,Portuguese Grand Prix,Algarve International Circuit,MSC,Haas F1 Team,11.0,SOFT,3.0,1,1.0213,1.0269
2021,Portuguese Grand Prix,Algarve International Circuit,HAM,Mercedes,10.0,SOFT,3.0,1,1.0,1.0001
2021,Portuguese Grand Prix,Algarve International Circuit,VER,Red Bull Racing,11.0,SOFT,2.0,1,1.0018,1.0051
2021,Portuguese Grand Prix,Algarve International Circuit,OCO,Alpine,12.0,SOFT,5.0,1,1.005,1.0089
2021,Portuguese Grand Prix,Algarve International Circuit,TSU,AlphaTauri,17.0,SOFT,7.0,1,1.0152,1.0142
2021,Portuguese Grand Prix,Algarve International Circuit,STR,Aston Martin,9.0,SOFT,2.0,1,1.0074,1.02
2021,Portuguese Grand Prix,Algarve International Circuit,LEC,Ferrari,12.0,SOFT,3.0,1,1.0066,1.0122
2021,Portuguese Grand Prix,Algarve International Circuit,ALO,Alpine,10.0,SOFT,2.0,1,1.0048,1.0141
2021,Portuguese Grand Prix,Algarve International Circuit,PER,Red Bull Racing,15.0,SOFT,5.0,1,1.0085,1.0069
2021,Portuguese Grand Prix,Algarve International Circuit,GAS,AlphaTauri,17.0,SOFT,9.0,1,1.009,1.0144
2021,Portuguese Grand Prix,Algarve International Circuit,MAZ,Haas F1 Team,9.0,SOFT,2.0,1,1.0351,1.0327
2021,Portuguese Grand Prix,Algarve International Circuit,RAI,Alfa Romeo Racing,11.0,SOFT,2.0,1,1.0174,1.0187
2021,Portuguese Grand Prix,Algarve International Circuit,LAT,Williams,13.0,SOFT,4.0,1,1.0253,1.0247
2021,Portuguese Grand Prix,Algarve International Circuit,VET,Aston Martin,8.0,SOFT,2.0,1,1.0155,1.0167
2021,Portuguese Grand Prix,Algarve International Circuit,NOR,McLaren,12.0,SOFT,4.0,1,1.0115,1.0098
2021,Portuguese Grand Prix,Algarve International Circuit,BOT,Mercedes,9.0,SOFT,2.0,1,1.0043,1.0
2021,Portuguese Grand Prix,Algarve International Circuit,GIO,Alfa Romeo Racing,13.0,SOFT,5.0,1,1.0175,1.0111
2021,Spanish Grand Prix,Circuit de Barcelona-Catalunya,RIC,McLaren,13.0,SOFT,2.0,1,1.0131,1.0115
2021,Spanish Grand Prix,Circuit de Barcelona-Catalunya,RUS,Williams,11.0,SOFT,2.0,1,1.0229,1.0314
2021,Spanish Grand Prix,Circuit de Barcelona-Catalunya,SAI,Ferrari,9.0,SOFT,2.0,1,1.0064,1.0115
2021,Spanish Grand Prix,Circuit de Barcelona-Catalunya,MSC,Haas F1 Team,13.0,SOFT,6.0,1,1.0276,1.031
2021,Spanish Grand Prix,Circuit de Barcelona-Catalunya,HAM,Mercedes,9.0,SOFT,2.0,1,1.0,1.0
2021,Spanish Grand Prix,Circuit de Barcelona-Catalunya,VER,Red Bull Racing,6.0,MEDIUM,6.0,1,1.0079,1.0005
2021,Spanish Grand Prix,Circuit de Barcelona-Catalunya,OCO,Alpine,9.0,SOFT,2.0,1,1.0038,1.0109
2021,Spanish Grand Prix,Circuit de Barcelona-Catalunya,TSU,AlphaTauri,13.0,SOFT,5.0,1,1.0057,1.0237
2021,Spanish Grand Prix,Circuit de Barcelona-Catalunya,STR,Aston Martin,8.0,SOFT,2.0,1,1.0123,1.0161
2021,Spanish Grand Prix,Circuit de Barcelona-Catalunya,LEC,Ferrari,8.0,SOFT,2.0,1,1.0021,1.01
2021,Spanish Grand Prix,Circuit de Barcelona-Catalunya,ALO,Alpine,10.0,SOFT,2.0,1,1.0045,1.0183
2021,Spanish Grand Prix,Circuit de Barcelona-Catalunya,PER,Red Bull Racing,10.0,SOFT,2.0,1,1.0096,1.0125
2021,Spanish Grand Prix,Circuit de Barcelona-Catalunya,GAS,AlphaTauri,14.0,SOFT,5.0,1,1.0054,1.0162
2021,Spanish Grand Prix,Circuit de Barcelona-Catalunya,MAZ,Haas F1 Team,10.0,SOFT,2.0,1,1.033,1.04
2021,Spanish Grand Prix,Circuit de Barcelona-Catalunya,RAI,Alfa Romeo Racing,12.0,SOFT,2.0,1,1.0133,1.0284
2021,Spanish Grand Prix,Circuit de Barcelona-Catalunya,LAT,Williams,11.0,SOFT,4.0,1,1.024,1.0323
2021,Spanish Grand Prix,Circuit de Barcelona-Catalunya,VET,Aston Martin,7.0,SOFT,2.0,1,1.0099,1.0174
2021,Spanish Grand Prix,Circuit de Barcelona-Catalunya,NOR,McLaren,7.0,SOFT,2.0,1,1.0118,1.0165
2021,Spanish Grand Prix,Circuit de Barcelona-Catalunya,BOT,Mercedes,8.0,SOFT,2.0,1,1.0018,1.0017
2021,Spanish Grand Prix,Circuit de Barcelona-Catalunya,GIO,Alfa Romeo Racing,12.0,SOFT,2.0,1,1.0122,1.021
2021,Monaco Grand Prix,Circuit de Monaco,RIC,McLaren,22.0,SOFT,10.0,1,1.0219,1.0178
2021,Monaco Grand Prix,Circuit de Monaco,RUS,Williams,20.0,SOFT,13.0,1,1.0255,1.0211
2021,Monaco Grand Prix,Circuit de Monaco,SAI,Ferrari,18.0,SOFT,3.0,1,1.0016,1.0038
2021,Monaco Grand Prix,Circuit de Monaco,MSC,Haas F1 Team,15.0,SOFT,6.0,1,1.0381,
2021,Monaco Grand Prix,Circuit de Monaco,HAM,Mercedes,21.0,SOFT,9.0,1,1.0054,1.0106
2021,Monaco Grand Prix,Circuit de Monaco,VER,Red Bull Racing,15.0,SOFT,3.0,1,1.0055,1.0033
2021,Monaco Grand Prix,Circuit de Monaco,OCO,Alpine,13.0,SOFT,4.0,1,1.0211,1.0162
2021,Monaco Grand Prix,Circuit de Monaco,TSU,AlphaTauri,9.0,MEDIUM,9.0,1,1.0439,1.0249
2021,Monaco Grand Prix,Circuit de Monaco,STR,Aston Martin,16.0,SOFT,4.0,1,1.0211,1.0178
2021,Monaco Grand Prix,Circuit de Monaco,LEC,Ferrari,23.0,SOFT,7.0,1,1.0,1.0
2021,Monaco Grand Prix,Circuit de Monaco,ALO,Alpine,17.0,SOFT,6.0,1,1.0208,1.0264
2021,Monaco Grand Prix,Circuit de Monaco,PER,Red Bull Racing,19.0,SOFT,8.0,1,1.0143,1.0174
2021,Monaco Grand Prix,Circuit de Monaco,GAS,AlphaTauri,18.0,SOFT,9.0,1,1.0114,1.0079
2021,Monaco Grand Prix,Circuit de Monaco,MAZ,Haas F1 Team,17.0,SOFT,7.0,1,1.038,1.0371
2021,Monaco Grand Prix,Circuit de Monaco,RAI,Alfa Romeo Racing,20.0,SOFT,9.0,1,1.0193,1.0184
2021,Monaco Grand Prix,Circuit de Monaco,LAT,Williams,17.0,SOFT,9.0,1,1.0266,1.0287
2021,Monaco Grand Prix,Circuit de Monaco,VET,Aston Martin,15.0,SOFT,4.0,1,1.0181,1.0153
2021,Monaco Grand Prix,Circuit de Monaco,NOR,McLaren,14.0,SOFT,3.0,1,1.0097,1.0039
2021,Monaco Grand Prix,Circuit de Monaco,BOT,Mercedes,15.0,SOFT,4.0,1,1.0059,1.0036
2021,Monaco Grand Prix,Circuit de Monaco,GIO,Alfa Romeo Racing,14.0,SOFT,4.0,1,1.0148,1.0204
2021,Azerbaijan Grand Prix,Baku City Circuit,RIC,McLaren,12.0,SOFT,6.0,1,1.0116,1.0132
2021,Azerbaijan Grand Prix,Baku City Circuit,RUS,Williams,7.0,SOFT,2.0,1,1.0239,1.0152
2021,Azerbaijan Grand Prix,Baku City Circuit,SAI,Ferrari,8.0,SOFT,2.0,1,1.0013,1.0035
2021,Azerbaijan Grand Prix,Baku City Circuit,MSC,Haas F1 Team,6.0,SOFT,2.0,1,1.039,1.029
2021,Azerbaijan Grand Prix,Baku City Circuit,HAM,Mercedes,11.0,SOFT,5.0,2,1.0102,1.0023
2021,Azerbaijan Grand Prix,Baku City Circuit,VER,Red Bull Racing,10.0,SOFT,4.0,2,1.001,1.0034
2021,Azerbaijan Grand Prix,Baku City Circuit,OCO,Alpine,9.0,SOFT,4.0,1,1.0089,1.0104
2021,Azerbaijan Grand Prix,Baku City Circuit,TSU,AlphaTauri,13.0,SOFT,7.0,2,1.0099,1.0098
2021,Azerbaijan Grand Prix,Baku City Circuit,STR,Aston Martin,10.0,SOFT,4.0,2,1.0166,
2021,Azerbaijan Grand Prix,Baku City Circuit,LEC,Ferrari,8.0,SOFT,2.0,1,1.0031,1.0
2021,Azerbaijan Grand Prix,Baku City Circuit,ALO,Alpine,12.0,SOFT,6.0,2,1.0057,1.011
2021,Azerbaijan Grand Prix,Baku City Circuit,PER,Red Bull Racing,10.0,SOFT,4.0,2,1.0,1.0069
2021,Azerbaijan Grand Prix,Baku City Circuit,GAS,AlphaTauri,11.0,SOFT,4.0,2,1.0041,1.0034
2021,Azerbaijan Grand Prix,Baku City Circuit,MAZ,Haas F1 Team,11.0,SOFT,6.0,2,1.0338,1.0298
2021,Azerbaijan Grand Prix,Baku City Circuit,RAI,Alfa Romeo Racing,12.0,SOFT,6.0,2,1.0108,1.0135
2021,Azerbaijan Grand Prix,Baku City Circuit,LAT,Williams,2.0,MEDIUM,2.0,2,1.0477,1.0189
2021,Azerbaijan Grand Prix,Baku City Circuit,VET,Aston Martin,12.0,SOFT,6.0,1,1.0173,1.0099
2021,Azerbaijan Grand Prix,Baku City Circuit,NOR,McLaren,8.0,SOFT,2.0,1,1.0088,1.0052
2021,Azerbaijan Grand Prix,Baku City Circuit,BOT,Mercedes,12.0,SOFT,6.0,1,1.0203,1.0142
2021,Azerbaijan Grand Prix,Baku City Circuit,GIO,Alfa Romeo Racing,8.0,SOFT,2.0,1,1.0081,
2021,French Grand Prix,Circuit Paul Ricard,RIC,McLaren,13.0,SOFT,4.0,1,1.013,1.0155
2021,French Grand Prix,Circuit Paul Ricard,RUS,Williams,10.0,SOFT,5.0,1,1.0258,1.0231
2021,French Grand Prix,Circuit Paul Ricard,SAI,Ferrari,12.0,SOFT,3.0,1,1.0089,1.0094
2021,French Grand Prix,Circuit Paul Ricard,MSC,Haas F1 Team,11.0,SOFT,2.0,1,1.0284,1.0328
2021,French Grand Prix,Circuit Paul Ricard,HAM,Mercedes,8.0,SOFT,2.0,1,1.0027,1.0029
2021,French Grand Prix,Circuit Paul Ricard,VER,Red Bull Racing,8.0,SOFT,2.0,1,1.0,1.0
2021,French Grand Prix,Circuit Paul Ricard,OCO,Alpine,11.0,SOFT,5.0,1,1.0088,1.0194
2021,French Grand Prix,Circuit Paul Ricard,TSU,AlphaTauri,15.0,SOFT,7.0,1,1.0117,
2021,French Grand Prix,Circuit Paul Ricard,STR,Aston Martin,10.0,MEDIUM,4.0,1,1.019,1.4733
2021,French Grand Prix,Circuit Paul Ricard,LEC,Ferrari,13.0,SOFT,6.0,1,1.0073,1.0111
2021,French Grand Prix,Circuit Paul Ricard,ALO,Alpine,13.0,SOFT,5.0,1,1.005,1.015
2021,French Grand Prix,Circuit Paul Ricard,PER,Red Bull Racing,11.0,SOFT,5.0,1,1.0113,1.0051
2021,French Grand Prix,Circuit Paul Ricard,GAS,AlphaTauri,14.0,SOFT,5.0,1,1.0089,1.0098
2021,French Grand Prix,Circuit Paul Ricard,MAZ,Haas F1 Team,10.0,SOFT,2.0,1,1.0288,1.0396
2021,French Grand Prix,Circuit Paul Ricard,RAI,Alfa Romeo Racing,11.0,SOFT,2.0,1,1.0098,1.0374
2021,French Grand Prix,Circuit Paul Ricard,LAT,Williams,7.0,SOFT,2.0,1,1.0265,1.0341
2021,French Grand Prix,Circuit Paul Ricard,VET,Aston Martin,8.0,MEDIUM,2.0,1,1.017,1.0197
2021,French Grand Prix,Circuit Paul Ricard,NOR,McLaren,12.0,SOFT,5.0,1,1.0102,1.014
2021,French Grand Prix,Circuit Paul Ricard,BOT,Mercedes,2.0,MEDIUM,2.0,1,1.0001,1.0043
2021,French Grand Prix,Circuit Paul Ricard,GIO,Alfa Romeo Racing,13.0,SOFT,5.0,1,1.0103,1.0203
2021,Styrian Grand Prix,Red Bull Ring,RIC,McLaren,11.0,SOFT,2.0,1,1.0051,1.0151
2021,Styrian Grand Prix,Red Bull Ring,RUS,Williams,15.0,SOFT,15.0,2,1.0186,1.013
2021,Styrian Grand Prix,Red Bull Ring,SAI,Ferrari,14.0,SOFT,6.0,1,1.0112,1.015
2021,Styrian Grand Prix,Red Bull Ring,MSC,Haas F1 Team,9.0,SOFT,2.0,1,1.0225,1.0345
2021,Styrian Grand Prix,Red Bull Ring,HAM,Mercedes,10.0,SOFT,2.0,1,1.0059,1.0035
2021,Styrian Grand Prix,Red Bull Ring,VER,Red Bull Racing,13.0,SOFT,2.0,1,1.0,1.0
2021,Styrian Grand Prix,Red Bull Ring,OCO,Alpine,9.0,SOFT,2.0,1,1.0058,1.0216
2021,Styrian Grand Prix,Red Bull Ring,TSU,AlphaTauri,13.0,SOFT,2.0,2,1.0159,1.0105
2021,Styrian Grand Prix,Red Bull Ring,STR,Aston Martin,7.0,SOFT,2.0,1,1.0102,1.0136
2021,Styrian Grand Prix,Red Bull Ring,LEC,Ferrari,15.0,SOFT,7.0,1,1.0131,1.0099
2021,Styrian Grand Prix,Red Bull Ring,ALO,Alpine,11.0,SOFT,2.0,2,1.0063,1.0115
2021,Styrian Grand Prix,Red Bull Ring,PER,Red Bull Racing,15.0,SOFT,5.0,1,1.0103,1.0051
2021,Styrian Grand Prix,Red Bull Ring,MAZ,Haas F1 Team,11.0,SOFT,4.0,1,1.0305,1.0368
2021,Styrian Grand Prix,Red Bull Ring,RAI,Alfa Romeo Racing,20.0,SOFT,9.0,1,1.0135,1.0249
2021,Styrian Grand Prix,Red Bull Ring,LAT,Williams,4.0,MEDIUM,4.0,1,1.0345,1.0209
2021,Styrian Grand Prix,Red Bull Ring,VET,Aston Martin,9.0,SOFT,2.0,1,1.008,1.0162
2021,Styrian Grand Prix,Red Bull Ring,NOR,McLaren,9.0,SOFT,2.0,1,1.0089,1.0044
2021,Styrian Grand Prix,Red Bull Ring,BOT,Mercedes,2.0,SOFT,2.0,1,1.0128,1.003
2021,Styrian Grand Prix,Red Bull Ring,GIO,Alfa Romeo Racing,18.0,SOFT,8.0,1,1.0112,1.0168
2021,Austrian Grand Prix,Red Bull Ring,RIC,McLaren,15.0,SOFT,3.0,1,1.0182,1.0157
2021,Austrian Grand Prix,Red Bull Ring,RUS,Williams,9.0,SOFT,2.0,1,1.0201,1.0137
2021,Austrian Grand Prix,Red Bull Ring,SAI,Ferrari,18.0,SOFT,3.0,1,1.017,1.0132
2021,Austrian Grand Prix,Red Bull Ring,MSC,Haas F1 Team,13.0,SOFT,5.0,1,1.0215,1.0268
2021,Austrian Grand Prix,Red Bull Ring,HAM,Mercedes,14.0,SOFT,2.0,1,1.0,1.0046
2021,Austrian Grand Prix,Red Bull Ring,VER,Red Bull Racing,13.0,SOFT,2.0,1,1.0034,1.0
2021,Austrian Grand Prix,Red Bull Ring,OCO,Alpine,9.0,SOFT,2.0,1,1.0156,1.0209
2021,Austrian Grand Prix,Red Bull Ring,TSU,AlphaTauri,11.0,SOFT,2.0,1,1.0129,1.0087
2021,Austrian Grand Prix,Red Bull Ring,STR,Aston Martin,14.0,SOFT,5.0,1,1.0095,1.0141
2021,Austrian Grand Prix,Red Bull Ring,LEC,Ferrari,16.0,SOFT,5.0,1,1.0184,1.0138
2021,Austrian Grand Prix,Red Bull Ring,ALO,Alpine,18.0,SOFT,4.0,1,1.0135,1.0178
2021,Austrian Grand Prix,Red Bull Ring,PER,Red Bull Racing,11.0,SOFT,2.0,1,1.0154,1.0042
2021,Austrian Grand Prix,Red Bull Ring,GAS,AlphaTauri,14.0,SOFT,5.0,1,1.0133,1.0061
2021,Austrian Grand Prix,Red Bull Ring,MAZ,Haas F1 Team,14.0,SOFT,5.0,1,1.0256,1.035
2021,Austrian Grand Prix,Red Bull Ring,RAI,Alfa Romeo Racing,7.0,MEDIUM,2.0,1,1.0171,1.0202
2021,Austrian Grand Prix,Red Bull Ring,LAT,Williams,12.0,SOFT,2.0,1,1.0231,1.0231
2021,Austrian Grand Prix,Red Bull Ring,VET,Aston Martin,10.0,SOFT,2.0,1,1.0115,1.0133
2021,Austrian Grand Prix,Red Bull Ring,NOR,McLaren,17.0,SOFT,5.0,1,1.0146,1.0008
2021,Austrian Grand Prix,Red Bull Ring,BOT,Mercedes,12.0,SOFT,2.0,1,1.0029,1.0052
2021,Austrian Grand Prix,Red Bull Ring,GIO,Alfa Romeo Racing,16.0,SOFT,2.0,1,1.0153,1.0214
2021,British Grand Prix,Silverstone Circuit,RIC,McLaren,17.0,MEDIUM,19.0,1,1.0126,1.0089
2021,British Grand Prix,Silverstone Circuit,RUS,Williams,17.0,MEDIUM,11.0,1,1.0148,1.0097
2021,British Grand Prix,Silverstone Circuit,SAI,Ferrari,17.0,SOFT,6.0,1,1.0067,1.0101
2021,British Grand Prix,Silverstone Circuit,MSC,Haas F1 Team,2.0,MEDIUM,2.0,1,1.0458,1.0302
2021,British Grand Prix,Silverstone Circuit,HAM,Mercedes,23.0,SOFT,16.0,1,1.0137,1.0
2021,British Grand Prix,Silverstone Circuit,VER,Red Bull Racing,13.0,MEDIUM,18.0,1,1.0,1.0009
2021,British Grand Prix,Silverstone Circuit,OCO,Alpine,17.0,MEDIUM,2.0,1,1.009,1.014
2021,British Grand Prix,Silverstone Circuit,TSU,AlphaTauri,28.0,MEDIUM,7.0,1,1.0167,1.0222
2021,British Grand Prix,Silverstone Circuit,STR,Aston Martin,26.0,MEDIUM,17.0,1,1.0238,1.0178
2021,British Grand Prix,Silverstone Circuit,LEC,Ferrari,19.0,MEDIUM,10.0,1,1.0042,1.0081
2021,British Grand Prix,Silverstone Circuit,ALO,Alpine,16.0,SOFT,5.0,1,1.0154,1.0129
2021,British Grand Prix,Silverstone Circuit,PER,Red Bull Racing,13.0,MEDIUM,20.0,1,1.01,1.0082
2021,British Grand Prix,Silverstone Circuit,GAS,AlphaTauri,21.0,SOFT,5.0,1,1.0143,1.0132
2021,British Grand Prix,Silverstone Circuit,MAZ,Haas F1 Team,5.0,MEDIUM,2.0,1,1.0286,1.0339
2021,British Grand Prix,Silverstone Circuit,RAI,Alfa Romeo Racing,24.0,SOFT,17.0,1,1.0159,1.0224
2021,British Grand Prix,Silverstone Circuit,LAT,Williams,26.0,MEDIUM,12.0,1,1.016,1.0246
2021,British Grand Prix,Silverstone Circuit,VET,Aston Martin,29.0,MEDIUM,19.0,1,1.0188,1.0121
2021,British Grand Prix,Silverstone Circuit,NOR,McLaren,18.0,MEDIUM,18.0,1,1.0125,1.0089
2021,British Grand Prix,Silverstone Circuit,BOT,Mercedes,21.0,HARD,9.0,1,1.0142,1.0023
2021,British Grand Prix,Silverstone Circuit,GIO,Alfa Romeo Racing,14.0,SOFT,5.0,1,1.0151,1.0172
2021,Hungarian Grand Prix,Hungaroring,RIC,McLaren,11.0,SOFT,2.0,1,1.0224,1.0193
2021,Hungarian Grand Prix,Hungaroring,RUS,Williams,10.0,SOFT,5.0,1,1.0296,1.0335
2021,Hungarian Grand Prix,Hungaroring,SAI,Ferrari,13.0,SOFT,2.0,1,1.0186,1.0163
2021,Hungarian Grand Prix,Hungaroring,MSC,Haas F1 Team,10.0,SOFT,2.0,1,1.0364,
2021,Hungarian Grand Prix,Hungaroring,HAM,Mercedes,10.0,SOFT,2.0,1,1.0004,1.0
2021,Hungarian Grand Prix,Hungaroring,VER,Red Bull Racing,10.0,SOFT,2.0,1,1.0039,1.0056
2021,Hungarian Grand Prix,Hungaroring,OCO,Alpine,11.0,SOFT,2.0,1,1.0097,1.0164
2021,Hungarian Grand Prix,Hungaroring,TSU,AlphaTauri,2.0,SOFT,2.0,1,1.0345,1.0331
2021,Hungarian Grand Prix,Hungaroring,STR,Aston Martin,8.0,SOFT,2.0,1,1.017,1.0195
2021,Hungarian Grand Prix,Hungaroring,LEC,Ferrari,11.0,SOFT,2.0,1,1.0176,1.0143
2021,Hungarian Grand Prix,Hungaroring,ALO,Alpine,12.0,SOFT,2.0,1,1.015,1.0172
2021,Hungarian Grand Prix,Hungaroring,PER,Red Bull Racing,13.0,SOFT,5.0,1,1.0105,1.0133
2021,Hungarian Grand Prix,Hungaroring,GAS,AlphaTauri,11.0,SOFT,2.0,1,1.0143,1.0141
2021,Hungarian Grand Prix,Hungaroring,MAZ,Haas F1 Team,4.0,MEDIUM,4.0,1,1.0632,1.0464
2021,Hungarian Grand Prix,Hungaroring,RAI,Alfa Romeo Racing,13.0,SOFT,2.0,1,1.0294,1.0284
2021,Hungarian Grand Prix,Hungaroring,LAT,Williams,7.0,SOFT,2.0,1,1.032,1.0347
2021,Hungarian Grand Prix,Hungaroring,VET,Aston Martin,7.0,SOFT,2.0,1,1.0158,1.0176
2021,Hungarian Grand Prix,Hungaroring,NOR,McLaren,10.0,SOFT,2.0,1,1.0169,1.0142
2021,Hungarian Grand Prix,Hungaroring,BOT,Mercedes,10.0,SOFT,2.0,1,1.0,1.0042
2021,Hungarian Grand Prix,Hungaroring,GIO,Alfa Romeo Racing,15.0,SOFT,5.0,1,1.0412,1.0287
2021,Belgian Grand Prix,Circuit de Spa-Francorchamps,RIC,McLaren,9.0,SOFT,2.0,1,1.0158,1.0417
2021,Belgian Grand Prix,Circuit de Spa-Francorchamps,RUS,Williams,6.0,SOFT,2.0,2,1.021,1.035
2021,Belgian Grand Prix,Circuit de Spa-Francorchamps,SAI,Ferrari,10.0,SOFT,2.0,1,1.01,1.0182
2021,Belgian Grand Prix,Circuit de Spa-Francorchamps,MSC,Haas F1 Team,8.0,SOFT,2.0,1,1.0293,1.0685
2021,Belgian Grand Prix,Circuit de Spa-Francorchamps,HAM,Mercedes,3.0,MEDIUM,3.0,1,1.0007,1.0351
2021,Belgian Grand Prix,Circuit de Spa-Francorchamps,VER,Red Bull Racing,7.0,SOFT,2.0,1,1.0,1.0322
2021,Belgian Grand Prix,Circuit de Spa-Francorchamps,OCO,Alpine,9.0,SOFT,2.0,1,1.0079,1.0645
2021,Belgian Grand Prix,Circuit de Spa-Francorchamps,TSU,AlphaTauri,12.0,SOFT,4.0,1,1.0123,1.0551
2021,Belgian Grand Prix,Circuit de Spa-Francorchamps,STR,Aston Martin,8.0,SOFT,2.0,1,1.0068,1.019
2021,Belgian Grand Prix,Circuit de Spa-Francorchamps,LEC,Ferrari,4.0,MEDIUM,4.0,1,1.0226,1.0146
2021,Belgian Grand Prix,Circuit de Spa-Francorchamps,ALO,Alpine,9.0,SOFT,2.0,1,1.0046,1.0188
2021,Belgian Grand Prix,Circuit de Spa-Francorchamps,PER,Red Bull Racing,5.0,MEDIUM,5.0,1,1.0089,1.0525
2021,Belgian Grand Prix,Circuit de Spa-Francorchamps,GAS,AlphaTauri,12.0,SOFT,4.0,1,1.0047,1.0443
2021,Belgian Grand Prix,Circuit de Spa-Francorchamps,MAZ,Haas F1 Team,7.0,SOFT,2.0,1,1.0274,1.0768
2021,Belgian Grand Prix,Circuit de Spa-Francorchamps,RAI,Alfa Romeo Racing,12.0,SOFT,2.0,1,1.0143,1.0726
2021,Belgian Grand Prix,Circuit de Spa-Francorchamps,LAT,Williams,4.0,MEDIUM,4.0,2,1.0165,1.0175
2021,Belgian Grand Prix,Circuit de Spa-Francorchamps,VET,Aston Martin,8.0,SOFT,2.0,1,1.0083,1.0423
2021,Belgian Grand Prix,Circuit de Spa-Francorchamps,NOR,McLaren,13.0,SOFT,2.0,1,1.0087,1.0
2021,Belgian Grand Prix,Circuit de Spa-Francorchamps,BOT,Mercedes,3.0,MEDIUM,2.0,1,1.0004,1.0558
2021,Belgian Grand Prix,Circuit de Spa-Francorchamps,GIO,Alfa Romeo Racing,10.0,SOFT,2.0,1,1.0126,1.0541
2021,Dutch Grand Prix,Circuit Zandvoort,RIC,McLaren,13.0,SOFT,5.0,1,1.0177,1.0186
2021,Dutch Grand Prix,Circuit Zandvoort,RUS,Williams,9.0,SOFT,2.0,1,1.0275,1.021
2021,Dutch Grand Prix,Circuit Zandvoort,SAI,Ferrari,14.0,SOFT,2.0,1,1.0022,1.0095
2021,Dutch Grand Prix,Circuit Zandvoort,MSC,Haas F1 Team,10.0,SOFT,2.0,1,1.024,1.0363
2021,Dutch Grand Prix,Circuit Zandvoort,HAM,Mercedes,2.0,MEDIUM,2.0,1,1.0142,1.0006
2021,Dutch Grand Prix,Circuit Zandvoort,VER,Red Bull Racing,12.0,SOFT,3.0,1,1.0051,1.0
2021,Dutch Grand Prix,Circuit Zandvoort,OCO,Alpine,10.0,SOFT,2.0,1,1.0024,1.0152
2021,Dutch Grand Prix,Circuit Zandvoort,TSU,AlphaTauri,21.0,SOFT,6.0,1,1.0168,1.0353
2021,Dutch Grand Prix,Circuit Zandvoort,STR,Aston Martin,7.0,MEDIUM,7.0,1,1.0174,1.0215
2021,Dutch Grand Prix,Circuit Zandvoort,LEC,Ferrari,14.0,SOFT,2.0,1,1.0,1.0093
2021,Dutch Grand Prix,Circuit Zandvoort,ALO,Alpine,18.0,SOFT,7.0,1,1.0053,1.0155
2021,Dutch Grand Prix,Circuit Zandvoort,PER,Red Bull Racing,15.0,SOFT,4.0,1,1.0147,1.0239
2021,Dutch Grand Prix,Circuit Zandvoort,GAS,AlphaTauri,14.0,SOFT,6.0,1,1.0079,1.0086
2021,Dutch Grand Prix,Circuit Zandvoort,MAZ,Haas F1 Team,10.0,SOFT,2.0,1,1.0273,1.0434
2021,Dutch Grand Prix,Circuit Zandvoort,RAI,Alfa Romeo Racing,17.0,SOFT,4.0,1,1.0184,
2021,Dutch Grand Prix,Circuit Zandvoort,LAT,Williams,5.0,SOFT,2.0,1,1.0241,1.033
2021,Dutch Grand Prix,Circuit Zandvoort,VET,Aston Martin,12.0,SOFT,4.0,1,1.0114,1.0268
2021,Dutch Grand Prix,Circuit Zandvoort,NOR,McLaren,15.0,SOFT,4.0,1,1.0083,1.0221
2021,Dutch Grand Prix,Circuit Zandvoort,BOT,Mercedes,12.0,SOFT,5.0,1,1.0032,1.0049
2021,Dutch Grand Prix,Circuit Zandvoort,GIO,Alfa Romeo Racing,14.0,SOFT,2.0,1,1.0109,1.0102
2021,Italian Grand Prix,Monza Circuit,RIC,McLaren,16.0,MEDIUM,12.0,1,1.0184,1.0055
2021,Italian Grand Prix,Monza Circuit,BOT,Mercedes,14.0,SOFT,6.0,1,1.0027,1.0
2021,Italian Grand Prix,Monza Circuit,RUS,Williams,11.0,MEDIUM,3.0,1,1.0221,1.0231
2021,Italian Grand Prix,Monza Circuit,SAI,Ferrari,10.0,MEDIUM,16.0,1,1.0346,1.0114
2021,Italian Grand Prix,Monza Circuit,MSC,Haas F1 Team,5.0,MEDIUM,5.0,1,1.0332,1.0339
2021,Italian Grand Prix,Monza Circuit,HAM,Mercedes,14.0,SOFT,9.0,1,1.0,1.0012
2021,Italian Grand Prix,Monza Circuit,VER,Red Bull Racing,22.0,MEDIUM,17.0,1,1.005,1.0052
2021,Italian Grand Prix,Monza Circuit,OCO,Alpine,11.0,SOFT,5.0,1,1.0122,1.0195
2021,Italian Grand Prix,Monza Circuit,TSU,AlphaTauri,12.0,MEDIUM,19.0,1,1.0261,1.0304
2021,Italian Grand Prix,Monza Circuit,STR,Aston Martin,16.0,SOFT,6.0,1,1.0302,1.0184
2021,Italian Grand Prix,Monza Circuit,LEC,Ferrari,16.0,MEDIUM,9.0,1,1.0183,1.012
2021,Italian Grand Prix,Monza Circuit,ALO,Alpine,11.0,SOFT,6.0,1,1.0155,1.019
2021,Italian Grand Prix,Monza Circuit,PER,Red Bull Racing,18.0,SOFT,9.0,1,1.0081,1.0133
2021,Italian Grand Prix,Monza Circuit,GAS,AlphaTauri,14.0,SOFT,7.0,1,1.0169,1.0089
2021,Italian Grand Prix,Monza Circuit,MAZ,Haas F1 Team,7.0,MEDIUM,7.0,1,1.0298,1.0397
2021,Italian Grand Prix,Monza Circuit,LAT,Williams,19.0,SOFT,8.0,1,1.0187,1.0298
2021,Italian Grand Prix,Monza Circuit,VET,Aston Martin,9.0,HARD,5.0,1,1.0323,1.0171
2021,Italian Grand Prix,Monza Circuit,NOR,McLaren,18.0,MEDIUM,13.0,1,1.017,1.0055
2021,Italian Grand Prix,Monza Circuit,KUB,Alfa Romeo Racing,16.0,SOFT,3.0,1,1.0124,1.0374
2021,Italian Grand Prix,Monza Circuit,GIO,Alfa Romeo Racing,14.0,SOFT,5.0,1,1.0151,1.0158
2021,Russian Grand Prix,Sochi Autodrom,RIC,McLaren,9.0,SOFT,2.0,1,1.0218,1.0212
2021,Russian Grand Prix,Sochi Autodrom,RUS,Williams,7.0,SOFT,2.0,1,1.016,1.0097
2021,Russian Grand Prix,Sochi Autodrom,SAI,Ferrari,10.0,SOFT,2.0,1,1.0116,1.0051
2021,Russian Grand Prix,Sochi Autodrom,MSC,Haas F1 Team,4.0,SOFT,4.0,1,1.0282,1.0768
2021,Russian Grand Prix,Sochi Autodrom,HAM,Mercedes,8.0,SOFT,2.0,1,1.0005,1.0202
2021,Russian Grand Prix,Sochi Autodrom,VER,Red Bull Racing,7.0,SOFT,2.0,1,1.011,
2021,Russian Grand Prix,Sochi Autodrom,OCO,Alpine,12.0,SOFT,2.0,1,1.0086,1.038
2021,Russian Grand Prix,Sochi Autodrom,TSU,AlphaTauri,12.0,SOFT,2.0,1,1.0252,1.0467
2021,Russian Grand Prix,Sochi Autodrom,STR,Aston Martin,7.0,SOFT,2.0,1,1.0186,1.0291
2021,Russian Grand Prix,Sochi Autodrom,LEC,Ferrari,4.0,SOFT,4.0,1,1.0142,1.0635
2021,Russian Grand Prix,Sochi Autodrom,ALO,Alpine,7.0,SOFT,2.0,1,1.0125,1.0217
2021,Russian Grand Prix,Sochi Autodrom,PER,Red Bull Racing,8.0,SOFT,2.0,1,1.0144,1.0328
2021,Russian Grand Prix,Sochi Autodrom,GAS,AlphaTauri,12.0,SOFT,2.0,1,1.0027,1.0456
2021,Russian Grand Prix,Sochi Autodrom,MAZ,Haas F1 Team,7.0,SOFT,2.0,1,1.0268,1.1154
2021,Russian Grand Prix,Sochi Autodrom,RAI,Alfa Romeo Racing,14.0,SOFT,2.0,1,1.0156,1.0744
2021,Russian Grand Prix,Sochi Autodrom,LAT,Williams,7.0,SOFT,2.0,1,1.0194,1.0614
2021,Russian Grand Prix,Sochi Autodrom,VET,Aston Martin,7.0,SOFT,2.0,1,1.0133,1.0449
2021,Russian Grand Prix,Sochi Autodrom,NOR,McLaren,8.0,SOFT,2.0,1,1.006,1.0
2021,Russian Grand Prix,Sochi Autodrom,BOT,Mercedes,7.0,SOFT,2.0,1,1.0,1.0266
2021,Russian Grand Prix,Sochi Autodrom,GIO,Alfa Romeo Racing,9.0,SOFT,2.0,1,1.0169,1.0885
2021,Turkish Grand Prix,Istanbul Park,RIC,McLaren,6.0,HARD,6.0,1,1.015,1.0364
2021,Turkish Grand Prix,Istanbul Park,RUS,Williams,8.0,SOFT,2.0,1,1.0185,1.0258
2021,Turkish Grand Prix,Istanbul Park,SAI,Ferrari,8.0,SOFT,8.0,1,1.0131,1.0279
2021,Turkish Grand Prix,Istanbul Park,MSC,Haas F1 Team,13.0,SOFT,6.0,1,1.02,1.0281
2021,Turkish Grand Prix,Istanbul Park,HAM,Mercedes,12.0,SOFT,4.0,1,1.0,1.0
2021,Turkish Grand Prix,Istanbul Park,VER,Red Bull Racing,12.0,SOFT,5.0,1,1.0076,1.004
2021,Turkish Grand Prix,Istanbul Park,OCO,Alpine,14.0,SOFT,8.0,1,1.0104,1.0238
2021,Turkish Grand Prix,Istanbul Park,TSU,AlphaTauri,13.0,SOFT,4.0,1,1.0129,1.0181
2021,Turkish Grand Prix,Istanbul Park,STR,Aston Martin,8.0,SOFT,2.0,1,1.0145,1.0173
2021,Turkish Grand Prix,Istanbul Park,LEC,Ferrari,15.0,SOFT,7.0,1,1.002,1.0048
2021,Turkish Grand Prix,Istanbul Park,ALO,Alpine,10.0,SOFT,2.0,1,1.0102,1.0073
2021,Turkish Grand Prix,Istanbul Park,PER,Red Bull Racing,10.0,SOFT,2.0,1,1.0068,1.0101
2021,Turkish Grand Prix,Istanbul Park,GAS,AlphaTauri,15.0,SOFT,6.0,1,1.0114,1.0055
2021,Turkish Grand Prix,Istanbul Park,MAZ,Haas F1 Team,11.0,SOFT,4.0,1,1.0226,1.0673
2021,Turkish Grand Prix,Istanbul Park,RAI,Alfa Romeo Racing,10.0,SOFT,4.0,1,1.016,1.0562
2021,Turkish Grand Prix,Istanbul Park,LAT,Williams,9.0,SOFT,5.0,1,1.0179,1.0388
2021,Turkish Grand Prix,Istanbul Park,VET,Aston Martin,7.0,SOFT,2.0,1,1.017,1.0233
2021,Turkish Grand Prix,Istanbul Park,NOR,McLaren,14.0,SOFT,2.0,1,1.0086,1.0131
2021,Turkish Grand Prix,Istanbul Park,BOT,Mercedes,13.0,SOFT,5.0,1,1.0049,1.0016
2021,Turkish Grand Prix,Istanbul Park,GIO,Alfa Romeo Racing,13.0,SOFT,4.0,1,1.0118,1.043
2021,United States Grand Prix,Circuit of the Americas,RIC,McLaren,7.0,SOFT,2.0,1,1.0054,1.0097
2021,United States Grand Prix,Circuit of the Americas,RUS,Williams,2.0,SOFT,2.0,1,1.0268,1.0304
2021,United States Grand Prix,Circuit of the Americas,SAI,Ferrari,10.0,SOFT,2.0,1,1.0102,1.0095
2021,United States Grand Prix,Circuit of the Americas,MSC,Haas F1 Team,10.0,SOFT,2.0,1,1.0221,1.0386
2021,United States Grand Prix,Circuit of the Americas,HAM,Mercedes,10.0,SOFT,5.0,1,1.0038,1.0022
2021,United States Grand Prix,Circuit of the Americas,VER,Red Bull Racing,7.0,MEDIUM,7.0,1,1.0092,1.0
2021,United States Grand Prix,Circuit of the Americas,OCO,Alpine,8.0,SOFT,2.0,1,1.0128,1.0266
2021,United States Grand Prix,Circuit of the Americas,TSU,AlphaTauri,13.0,SOFT,5.0,1,1.0215,1.0216
2021,United States Grand Prix,Circuit of the Americas,STR,Aston Martin,7.0,SOFT,2.0,1,1.0065,1.0331
2021,United States Grand Prix,Circuit of the Americas,LEC,Ferrari,8.0,SOFT,2.0,1,1.0066,1.0075
2021,United States Grand Prix,Circuit of the Americas,ALO,Alpine,7.0,SOFT,2.0,1,1.0151,1.1253
2021,United States Grand Prix,Circuit of the Americas,PER,Red Bull Racing,10.0,SOFT,2.0,1,1.0,1.0024
2021,United States Grand Prix,Circuit of the Americas,GAS,AlphaTauri,13.0,SOFT,2.0,1,1.0136,1.013
2021,United States Grand Prix,Circuit of the Americas,MAZ,Haas F1 Team,12.0,SOFT,5.0,1,1.0324,1.0418
2021,United States Grand Prix,Circuit of the Americas,RAI,Alfa Romeo Racing,10.0,SOFT,2.0,1,1.017,1.0366
2021,United States Grand Prix,Circuit of the Americas,LAT,Williams,7.0,SOFT,2.0,1,1.0243,1.0332
2021,United States Grand Prix,Circuit of the Americas,VET,Aston Martin,4.0,MEDIUM,4.0,1,1.0187,1.0279
2021,United States Grand Prix,Circuit of the Americas,NOR,McLaren,7.0,SOFT,2.0,1,1.0027,1.0105
2021,United States Grand Prix,Circuit of the Americas,BOT,Mercedes,7.0,SOFT,2.0,1,1.0044,1.0061
2021,United States Grand Prix,Circuit of the Americas,GIO,Alfa Romeo Racing,12.0,SOFT,2.0,1,1.0126,1.031
2021,Mexico City Grand Prix,Autódromo Hermanos Rodríguez,RIC,McLaren,6.0,HARD,6.0,1,1.0287,1.0117
2021,Mexico City Grand Prix,Autódromo Hermanos Rodríguez,SAI,Ferrari,16.0,SOFT,5.0,1,1.0132,1.0117
2021,Mexico City Grand Prix,Autódromo Hermanos Rodríguez,MSC,Haas F1 Team,10.0,SOFT,2.0,1,1.03,1.0393
2021,Mexico City Grand Prix,Autódromo Hermanos Rodríguez,HAM,Mercedes,9.0,SOFT,2.0,1,1.0066,1.0019
2021,Mexico City Grand Prix,Autódromo Hermanos Rodríguez,VER,Red Bull Racing,10.0,SOFT,2.0,1,1.0,1.0046
2021,Mexico City Grand Prix,Autódromo Hermanos Rodríguez,OCO,Alpine,9.0,SOFT,4.0,1,1.0276,1.0333
2021,Mexico City Grand Prix,Autódromo Hermanos Rodríguez,TSU,AlphaTauri,8.0,SOFT,2.0,1,1.0174,1.0169
2021,Mexico City Grand Prix,Autódromo Hermanos Rodríguez,STR,Aston Martin,7.0,MEDIUM,7.0,1,1.0314,1.0659
2021,Mexico City Grand Prix,Autódromo Hermanos Rodríguez,LEC,Ferrari,12.0,SOFT,3.0,1,1.0169,1.0127
2021,Mexico City Grand Prix,Autódromo Hermanos Rodríguez,ALO,Alpine,11.0,SOFT,4.0,1,1.0185,1.034
2021,Mexico City Grand Prix,Autódromo Hermanos Rodríguez,PER,Red Bull Racing,13.0,SOFT,5.0,1,1.0074,1.0062
2021,Mexico City Grand Prix,Autódromo Hermanos Rodríguez,GAS,AlphaTauri,9.0,SOFT,2.0,1,1.0146,1.0077
2021,Mexico City Grand Prix,Autódromo Hermanos Rodríguez,MAZ,Haas F1 Team,7.0,MEDIUM,7.0,1,1.0554,1.0452
2021,Mexico City Grand Prix,Autódromo Hermanos Rodríguez,RAI,Alfa Romeo Racing,12.0,SOFT,2.0,1,1.0199,1.0275
2021,Mexico City Grand Prix,Autódromo Hermanos Rodríguez,LAT,Williams,4.0,MEDIUM,4.0,1,1.0455,1.038
2021,Mexico City Grand Prix,Autódromo Hermanos Rodríguez,VET,Aston Martin,7.0,SOFT,2.0,1,1.0179,1.0247
2021,Mexico City Grand Prix,Autódromo Hermanos Rodríguez,NOR,McLaren,7.0,SOFT,7.0,1,1.0217,1.2762
2021,Mexico City Grand Prix,Autódromo Hermanos Rodríguez,BOT,Mercedes,17.0,SOFT,11.0,1,1.0055,1.0
2021,Mexico City Grand Prix,Autódromo Hermanos Rodríguez,GIO,Alfa Romeo Racing,17.0,SOFT,6.0,1,1.0249,1.0318
2021,São Paulo Grand Prix,Interlagos Circuit,RIC,McLaren,15.0,SOFT,8.0,1,1.031,1.0163
2021,São Paulo Grand Prix,Interlagos Circuit,RUS,Williams,11.0,MEDIUM,3.0,1,1.0334,1.0297
2021,São Paulo Grand Prix,Interlagos Circuit,SAI,Ferrari,19.0,SOFT,6.0,1,1.0258,1.0131
2021,São Paulo Grand Prix,Interlagos Circuit,MSC,Haas F1 Team,30.0,SOFT,5.0,1,1.0397,1.0353
2021,São Paulo Grand Prix,Interlagos Circuit,HAM,Mercedes,20.0,SOFT,8.0,1,1.0211,1.0
2021,São Paulo Grand Prix,Interlagos Circuit,VER,Red Bull Racing,3.0,SOFT,6.0,1,1.0121,1.0064
2021,São Paulo Grand Prix,Interlagos Circuit,OCO,Alpine,12.0,SOFT,5.0,1,1.0164,1.0185
2021,São Paulo Grand Prix,Interlagos Circuit,TSU,AlphaTauri,4.0,MEDIUM,13.0,1,1.0349,1.0228
2021,São Paulo Grand Prix,Interlagos Circuit,STR,Aston Martin,30.0,SOFT,5.0,1,1.0307,1.0255
2021,São Paulo Grand Prix,Interlagos Circuit,LEC,Ferrari,21.0,MEDIUM,14.0,1,1.0261,1.0151
2021,São Paulo Grand Prix,Interlagos Circuit,ALO,Alpine,13.0,SOFT,5.0,1,1.0,1.0174
2021,São Paulo Grand Prix,Interlagos Circuit,PER,Red Bull Racing,11.0,MEDIUM,15.0,1,1.0234,1.0081
2021,São Paulo Grand Prix,Interlagos Circuit,GAS,AlphaTauri,13.0,SOFT,16.0,1,1.0333,1.0124
2021,São Paulo Grand Prix,Interlagos Circuit,MAZ,Haas F1 Team,20.0,SOFT,9.0,1,1.0515,1.0391
2021,São Paulo Grand Prix,Interlagos Circuit,RAI,Alfa Romeo Racing,19.0,SOFT,5.0,1,1.0297,1.0231
2021,São Paulo Grand Prix,Interlagos Circuit,LAT,Williams,14.0,MEDIUM,5.0,1,1.0391,1.0289
2021,São Paulo Grand Prix,Interlagos Circuit,VET,Aston Martin,31.0,MEDIUM,10.0,1,1.0352,1.0216
2021,São Paulo Grand Prix,Interlagos Circuit,NOR,McLaren,13.0,MEDIUM,14.0,1,1.0329,1.0154
2021,São Paulo Grand Prix,Interlagos Circuit,BOT,Mercedes,22.0,SOFT,9.0,1,1.0157,1.0079
2021,São Paulo Grand Prix,Interlagos Circuit,GIO,Alfa Romeo Racing,20.0,SOFT,5.0,1,1.0247,1.0338
2021,Qatar Grand Prix,Losail International Circuit,RIC,McLaren,10.0,SOFT,2.0,1,1.0119,1.0219
2021,Qatar Grand Prix,Losail International Circuit,RUS,Williams,11.0,SOFT,4.0,1,1.0217,1.0239
2021,Qatar Grand Prix,Losail International Circuit,SAI,Ferrari,10.0,SOFT,2.0,1,1.0106,1.0125
2021,Qatar Grand Prix,Losail International Circuit,MSC,Haas F1 Team,11.0,SOFT,6.0,1,1.0292,1.0319
2021,Qatar Grand Prix,Losail International Circuit,HAM,Mercedes,9.0,SOFT,2.0,1,1.0051,1.0
2021,Qatar Grand Prix,Losail International Circuit,VER,Red Bull Racing,12.0,SOFT,5.0,2,1.0042,1.0056
2021,Qatar Grand Prix,Losail International Circuit,OCO,Alpine,9.0,SOFT,2.0,1,1.0107,1.0149
2021,Qatar Grand Prix,Losail International Circuit,TSU,AlphaTauri,10.0,SOFT,2.0,1,1.0071,1.013
2021,Qatar Grand Prix,Losail International Circuit,STR,Aston Martin,9.0,SOFT,2.0,1,1.0067,1.0202
2021,Qatar Grand Prix,Losail International Circuit,LEC,Ferrari,10.0,SOFT,2.0,1,1.0114,1.0202
2021,Qatar Grand Prix,Losail International Circuit,ALO,Alpine,7.0,SOFT,2.0,1,1.0109,1.0104
2021,Qatar Grand Prix,Losail International Circuit,PER,Red Bull Racing,11.0,SOFT,3.0,1,1.0077,1.0188
2021,Qatar Grand Prix,Losail International Circuit,GAS,AlphaTauri,12.0,SOFT,5.0,1,1.0025,1.0101
2021,Qatar Grand Prix,Losail International Circuit,RAI,Alfa Romeo Racing,16.0,SOFT,5.0,1,1.0178,1.0288
2021,Qatar Grand Prix,Losail International Circuit,LAT,Williams,8.0,SOFT,2.0,1,1.0248,1.0295
2021,Qatar Grand Prix,Losail International Circuit,VET,Aston Martin,9.0,SOFT,2.0,1,1.0105,1.0242
2021,Qatar Grand Prix,Losail International Circuit,NOR,McLaren,10.0,SOFT,2.0,1,1.0058,1.0112
2021,Qatar Grand Prix,Losail International Circuit,BOT,Mercedes,13.0,SOFT,5.0,1,1.0,1.0081
2021,Qatar Grand Prix,Losail International Circuit,GIO,Alfa Romeo Racing,12.0,SOFT,2.0,1,1.0231,1.0301
2021,Saudi Arabian Grand Prix,Jeddah Corniche Circuit,RIC,McLaren,8.0,HARD,8.0,1,1.0107,1.0132
2021,Saudi Arabian Grand Prix,Jeddah Corniche Circuit,RUS,Williams,10.0,SOFT,4.0,1,1.0167,1.0176
2021,Saudi Arabian Grand Prix,Jeddah Corniche Circuit,SAI,Ferrari,17.0,SOFT,7.0,1,1.0064,1.2987
2021,Saudi Arabian Grand Prix,Jeddah Corniche Circuit,MSC,Haas F1 Team,7.0,SOFT,2.0,1,1.0184,1.0223
2021,Saudi Arabian Grand Prix,Jeddah Corniche Circuit,HAM,Mercedes,8.0,MEDIUM,8.0,1,1.0,1.0
2021,Saudi Arabian Grand Prix,Jeddah Corniche Circuit,VER,Red Bull Racing,14.0,SOFT,6.0,1,1.0022,1.0016
2021,Saudi Arabian Grand Prix,Jeddah Corniche Circuit,OCO,Alpine,14.0,SOFT,6.0,1,1.006,1.013
2021,Saudi Arabian Grand Prix,Jeddah Corniche Circuit,TSU,AlphaTauri,7.0,HARD,7.0,1,1.0065,1.0106
2021,Saudi Arabian Grand Prix,Jeddah Corniche Circuit,STR,Aston Martin,6.0,MEDIUM,6.0,1,1.016,1.0212
2021,Saudi Arabian Grand Prix,Jeddah Corniche Circuit,LEC,Ferrari,13.0,SOFT,3.0,1,1.0085,1.0062
2021,Saudi Arabian Grand Prix,Jeddah Corniche Circuit,ALO,Alpine,11.0,SOFT,4.0,1,1.0048,1.0161
2021,Saudi Arabian Grand Prix,Jeddah Corniche Circuit,PER,Red Bull Racing,15.0,SOFT,6.0,1,1.0084,1.007
2021,Saudi Arabian Grand Prix,Jeddah Corniche Circuit,GAS,AlphaTauri,15.0,SOFT,7.0,1,1.0009,1.007
2021,Saudi Arabian Grand Prix,Jeddah Corniche Circuit,MAZ,Haas F1 Team,11.0,SOFT,6.0,1,1.0293,1.0338
2021,Saudi Arabian Grand Prix,Jeddah Corniche Circuit,RAI,Alfa Romeo Racing,17.0,SOFT,8.0,1,1.0141,1.0157
2021,Saudi Arabian Grand Prix,Jeddah Corniche Circuit,LAT,Williams,4.0,MEDIUM,4.0,1,1.0227,1.019
2021,Saudi Arabian Grand Prix,Jeddah Corniche Circuit,VET,Aston Martin,11.0,SOFT,4.0,1,1.0167,1.0193
2021,Saudi Arabian Grand Prix,Jeddah Corniche Circuit,NOR,McLaren,9.0,SOFT,9.0,2,1.0111,1.0076
2021,Saudi Arabian Grand Prix,Jeddah Corniche Circuit,BOT,Mercedes,8.0,MEDIUM,8.0,1,1.0007,1.0013
2021,Saudi Arabian Grand Prix,Jeddah Corniche Circuit,GIO,Alfa Romeo Racing,15.0,SOFT,6.0,1,1.0123,1.0142
2021,Abu Dhabi Grand Prix,Yas Marina Circuit,RIC,McLaren,8.0,SOFT,8.0,1,1.0152,1.0158
2021,Abu Dhabi Grand Prix,Yas Marina Circuit,RUS,Williams,11.0,SOFT,4.0,1,1.0222,1.0282
2021,Abu Dhabi Grand Prix,Yas Marina Circuit,SAI,Ferrari,12.0,SOFT,4.0,1,1.0138,1.0108
2021,Abu Dhabi Grand Prix,Yas Marina Circuit,MSC,Haas F1 Team,10.0,SOFT,3.0,1,1.025,1.0341
2021,Abu Dhabi Grand Prix,Yas Marina Circuit,HAM,Mercedes,13.0,SOFT,6.0,1,1.0,1.0045
2021,Abu Dhabi Grand Prix,Yas Marina Circuit,VER,Red Bull Racing,9.0,SOFT,2.0,1,1.0077,1.0
2021,Abu Dhabi Grand Prix,Yas Marina Circuit,OCO,Alpine,12.0,SOFT,5.0,1,1.0041,1.0156
2021,Abu Dhabi Grand Prix,Yas Marina Circuit,TSU,AlphaTauri,11.0,SOFT,5.0,1,1.01,1.0135
2021,Abu Dhabi Grand Prix,Yas Marina Circuit,STR,Aston Martin,7.0,SOFT,2.0,1,1.0202,1.0238
2021,Abu Dhabi Grand Prix,Yas Marina Circuit,LEC,Ferrari,10.0,SOFT,3.0,1,1.0103,1.0123
2021,Abu Dhabi Grand Prix,Yas Marina Circuit,ALO,Alpine,9.0,SOFT,4.0,1,1.0096,1.0165
2021,Abu Dhabi Grand Prix,Yas Marina Circuit,PER,Red Bull Racing,13.0,SOFT,5.0,1,1.0085,1.0102
2021,Abu Dhabi Grand Prix,Yas Marina Circuit,GAS,AlphaTauri,13.0,SOFT,5.0,1,1.0149,1.0236
2021,Abu Dhabi Grand Prix,Yas Marina Circuit,MAZ,Haas F1 Team,10.0,SOFT,4.0,1,1.0316,1.0436
2021,Abu Dhabi Grand Prix,Yas Marina Circuit,RAI,Alfa Romeo Racing,11.0,SOFT,2.0,1,1.0209,1.0325
2021,Abu Dhabi Grand Prix,Yas Marina Circuit,LAT,Williams,10.0,SOFT,4.0,1,1.0238,1.0271
2021,Abu Dhabi Grand Prix,Yas Marina Circuit,VET,Aston Martin,10.0,SOFT,3.0,1,1.018,1.0267
2021,Abu Dhabi Grand Prix,Yas Marina Circuit,NOR,McLaren,2.0,SOFT,2.0,1,1.0175,1.01
2021,Abu Dhabi Grand Prix,Yas Marina Circuit,BOT,Mercedes,10.0,SOFT,2.0,1,1.0047,1.0113
2021,Abu Dhabi Grand Prix,Yas Marina Circuit,GIO,Alfa Romeo Racing,16.0,SOFT,6.0,1,1.0169,1.0261
2022,Bahrain Grand Prix,Bahrain International Circuit,VER,Red Bull Racing,7.0,SOFT,2.0,1,1.0,1.0014
2022,Bahrain Grand Prix,Bahrain International Circuit,SAI,Ferrari,13.0,SOFT,2.0,1,1.0064,1.0014
2022,Bahrain Grand Prix,Bahrain International Circuit,MSC,Haas F1 Team,12.0,SOFT,4.0,1,1.0125,1.0159
2022,Bahrain Grand Prix,Bahrain International Circuit,HAM,Mercedes,9.0,SOFT,4.0,1,1.0131,1.0075
2022,Bahrain Grand Prix,Bahrain International Circuit,OCO,Alpine,7.0,SOFT,2.0,1,1.0155,1.0135
2022,Bahrain Grand Prix,Bahrain International Circuit,HUL,Aston Martin,7.0,SOFT,2.0,1,1.0231,1.0245
2022,Bahrain Grand Prix,Bahrain International Circuit,ZHO,Alfa Romeo,11.0,SOFT,2.0,1,1.0219,1.033
2022,Bahrain Grand Prix,Bahrain International Circuit,ALB,Williams,10.0,SOFT,2.0,1,1.0304,1.0233
2022,Bahrain Grand Prix,Bahrain International Circuit,TSU,AlphaTauri,13.0,SOFT,5.0,1,1.0202,1.0242
2022,Bahrain Grand Prix,Bahrain International Circuit,MAG,Haas F1 Team,8.0,SOFT,2.0,1,1.0136,1.0138
2022,Bahrain Grand Prix,Bahrain International Circuit,STR,Aston Martin,8.0,SOFT,2.0,1,1.022,1.0273
2022,Bahrain Grand Prix,Bahrain International Circuit,LEC,Ferrari,11.0,SOFT,5.0,1,1.0009,1.0
2022,Bahrain Grand Prix,Bahrain International Circuit,ALO,Alpine,7.0,SOFT,2.0,1,1.0102,1.0181
2022,Bahrain Grand Prix,Bahrain International Circuit,PER,Red Bull Racing,6.0,SOFT,2.0,1,1.0111,1.004
2022,Bahrain Grand Prix,Bahrain International Circuit,GAS,AlphaTauri,9.0,SOFT,2.0,1,1.0183,1.0197
2022,Bahrain Grand Prix,Bahrain International Circuit,LAT,Williams,8.0,SOFT,2.0,1,1.0277,1.034
2022,Bahrain Grand Prix,Bahrain International Circuit,NOR,McLaren,9.0,SOFT,3.0,1,1.0146,1.016
2022,Bahrain Grand Prix,Bahrain International Circuit,RIC,McLaren,10.0,SOFT,2.0,1,1.0243,1.0264
2022,Bahrain Grand Prix,Bahrain International Circuit,RUS,Mercedes,10.0,SOFT,2.0,1,1.0065,1.0183
2022,Bahrain Grand Prix,Bahrain International Circuit,BOT,Alfa Romeo,13.0,SOFT,2.0,1,1.011,1.0111
2022,Saudi Arabian Grand Prix,Jeddah Corniche Circuit,VER,Red Bull Racing,6.0,MEDIUM,6.0,1,1.0016,1.003
2022,Saudi Arabian Grand Prix,Jeddah Corniche Circuit,SAI,Ferrari,6.0,MEDIUM,6.0,1,1.0027,1.0023
2022,Saudi Arabian Grand Prix,Jeddah Corniche Circuit,MSC,Haas F1 Team,13.0,SOFT,6.0,2,1.0122,1.0195
2022,Saudi Arabian Grand Prix,Jeddah Corniche Circuit,HAM,Mercedes,10.0,SOFT,5.0,1,1.0049,1.0243
2022,Saudi Arabian Grand Prix,Jeddah Corniche Circuit,OCO,Alpine,11.0,SOFT,6.0,2,1.0076,1.0098
2022,Saudi Arabian Grand Prix,Jeddah Corniche Circuit,HUL,Aston Martin,8.0,SOFT,2.0,1,1.0171,1.0266
2022,Saudi Arabian Grand Prix,Jeddah Corniche Circuit,ZHO,Alfa Romeo,13.0,SOFT,4.0,1,1.0171,1.0184
2022,Saudi Arabian Grand Prix,Jeddah Corniche Circuit,ALB,Williams,9.0,SOFT,2.0,1,1.0199,1.026
2022,Saudi Arabian Grand Prix,Jeddah Corniche Circuit,TSU,AlphaTauri,12.0,SOFT,3.0,1,1.009,
2022,Saudi Arabian Grand Prix,Jeddah Corniche Circuit,MAG,Haas F1 Team,8.0,MEDIUM,8.0,1,1.0252,1.0157
2022,Saudi Arabian Grand Prix,Jeddah Corniche Circuit,STR,Aston Martin,7.0,SOFT,2.0,1,1.0144,1.0318
2022,Saudi Arabian Grand Prix,Jeddah Corniche Circuit,LEC,Ferrari,10.0,SOFT,3.0,1,1.0,1.0003
2022,Saudi Arabian Grand Prix,Jeddah Corniche Circuit,ALO,Alpine,9.0,SOFT,2.0,1,1.0097,1.0107
2022,Saudi Arabian Grand Prix,Jeddah Corniche Circuit,PER,Red Bull Racing,6.0,MEDIUM,6.0,1,1.0032,1.0
2022,Saudi Arabian Grand Prix,Jeddah Corniche Circuit,GAS,AlphaTauri,14.0,SOFT,5.0,2,1.0099,1.012
2022,Saudi Arabian Grand Prix,Jeddah Corniche Circuit,LAT,Williams,9.0,SOFT,2.0,1,1.0193,1.041
2022,Saudi Arabian Grand Prix,Jeddah Corniche Circuit,NOR,McLaren,8.0,SOFT,3.0,1,1.0073,1.0165
2022,Saudi Arabian Grand Prix,Jeddah Corniche Circuit,RIC,McLaren,6.0,MEDIUM,6.0,1,1.0161,1.0178
2022,Saudi Arabian Grand Prix,Jeddah Corniche Circuit,RUS,Mercedes,10.0,SOFT,4.0,1,1.0066,1.0102
2022,Saudi Arabian Grand Prix,Jeddah Corniche Circuit,BOT,Alfa Romeo,10.0,SOFT,2.0,1,1.0084,1.0111
2022,Australian Grand Prix,Albert Park Circuit,VER,Red Bull Racing,13.0,SOFT,8.0,1,1.0031,1.0037
2022,Australian Grand Prix,Albert Park Circuit,SAI,Ferrari,13.0,SOFT,6.0,1,1.005,1.0198
2022,Australian Grand Prix,Albert Park Circuit,MSC,Haas F1 Team,12.0,SOFT,6.0,1,1.0379,1.0334
2022,Australian Grand Prix,Albert Park Circuit,HAM,Mercedes,10.0,SOFT,3.0,2,1.0195,1.0123
2022,Australian Grand Prix,Albert Park Circuit,OCO,Alpine,13.0,SOFT,6.0,1,1.0109,1.0153
2022,Australian Grand Prix,Albert Park Circuit,ZHO,Alfa Romeo,15.0,SOFT,7.0,1,1.0264,1.0294
2022,Australian Grand Prix,Albert Park Circuit,ALB,Williams,9.0,SOFT,2.0,1,1.0371,1.0291
2022,Australian Grand Prix,Albert Park Circuit,TSU,AlphaTauri,15.0,SOFT,7.0,1,1.0183,1.02
2022,Australian Grand Prix,Albert Park Circuit,MAG,Haas F1 Team,12.0,SOFT,4.0,1,1.028,1.0306
2022,Australian Grand Prix,Albert Park Circuit,STR,Aston Martin,9.0,SOFT,2.0,1,1.0207,
2022,Australian Grand Prix,Albert Park Circuit,LEC,Ferrari,16.0,SOFT,9.0,1,1.0,1.0
2022,Australian Grand Prix,Albert Park Circuit,ALO,Alpine,8.0,SOFT,2.0,1,1.0071,1.0122
2022,Australian Grand Prix,Albert Park Circuit,PER,Red Bull Racing,10.0,SOFT,5.0,1,1.0086,1.0048
2022,Australian Grand Prix,Albert Park Circuit,GAS,AlphaTauri,14.0,SOFT,6.0,1,1.0147,1.0174
2022,Australian Grand Prix,Albert Park Circuit,LAT,Williams,9.0,SOFT,2.0,1,1.0422,1.045
2022,Australian Grand Prix,Albert Park Circuit,NOR,McLaren,9.0,SOFT,3.0,1,1.0142,1.0107
2022,Australian Grand Prix,Albert Park Circuit,RIC,McLaren,11.0,SOFT,2.0,1,1.0155,1.0149
2022,Australian Grand Prix,Albert Park Circuit,RUS,Mercedes,13.0,SOFT,7.0,1,1.0156,1.0137
2022,Australian Grand Prix,Albert Park Circuit,BOT,Alfa Romeo,15.0,SOFT,7.0,1,1.0136,1.0198
2022,Emilia Romagna Grand Prix,Imola Circuit,VER,Red Bull Racing,17.0,MEDIUM,4.0,1,1.0115,1.1141
2022,Emilia Romagna Grand Prix,Imola Circuit,SAI,Ferrari,25.0,MEDIUM,11.0,1,1.0101,1.0
2022,Emilia Romagna Grand Prix,Imola Circuit,MSC,Haas F1 Team,26.0,MEDIUM,12.0,1,1.0191,1.0244
2022,Emilia Romagna Grand Prix,Imola Circuit,HAM,Mercedes,14.0,SOFT,2.0,1,1.0067,1.0272
2022,Emilia Romagna Grand Prix,Imola Circuit,OCO,Alpine,18.0,SOFT,5.0,1,1.0217,1.0424
2022,Emilia Romagna Grand Prix,Imola Circuit,ZHO,Alfa Romeo,23.0,SOFT,15.0,1,1.0131,1.0309
2022,Emilia Romagna Grand Prix,Imola Circuit,ALB,Williams,4.0,SOFT,4.0,1,1.0143,
2022,Emilia Romagna Grand Prix,Imola Circuit,TSU,AlphaTauri,20.0,SOFT,4.0,1,1.0116,1.0188
2022,Emilia Romagna Grand Prix,Imola Circuit,MAG,Haas F1 Team,17.0,SOFT,6.0,1,1.0161,1.1288
2022,Emilia Romagna Grand Prix,Imola Circuit,STR,Aston Martin,31.0,MEDIUM,2.0,1,1.0213,1.1156
2022,Emilia Romagna Grand Prix,Imola Circuit,LEC,Ferrari,21.0,SOFT,3.0,1,1.0036,1.1239
2022,Emilia Romagna Grand Prix,Imola Circuit,ALO,Alpine,15.0,SOFT,5.0,1,1.009,1.1293
2022,Emilia Romagna Grand Prix,Imola Circuit,PER,Red Bull Racing,23.0,MEDIUM,4.0,1,1.001,1.137
2022,Emilia Romagna Grand Prix,Imola Circuit,GAS,AlphaTauri,31.0,MEDIUM,13.0,1,1.0124,1.0221
2022,Emilia Romagna Grand Prix,Imola Circuit,LAT,Williams,20.0,MEDIUM,11.0,1,1.0227,1.0377
2022,Emilia Romagna Grand Prix,Imola Circuit,VET,Aston Martin,24.0,SOFT,10.0,1,1.0214,1.1528
2022,Emilia Romagna Grand Prix,Imola Circuit,NOR,McLaren,2.0,SOFT,4.0,1,1.0549,1.1284
2022,Emilia Romagna Grand Prix,Imola Circuit,RUS,Mercedes,13.0,SOFT,5.0,1,1.0,1.0224
2022,Miami Grand Prix,Miami International Autodrome,SAI,Ferrari,6.0,MEDIUM,6.0,2,1.0114,1.0021
2022,Miami Grand Prix,Miami International Autodrome,MSC,Haas F1 Team,12.0,SOFT,8.0,1,1.0183,1.0183
2022,Miami Grand Prix,Miami International Autodrome,HAM,Mercedes,6.0,SOFT,2.0,2,1.0027,1.0093
2022,Miami Grand Prix,Miami International Autodrome,OCO,Alpine,11.0,SOFT,6.0,1,1.0103,
2022,Miami Grand Prix,Miami International Autodrome,ZHO,Alfa Romeo,14.0,SOFT,5.0,1,1.0103,1.025
2022,Miami Grand Prix,Miami International Autodrome,ALB,Williams,12.0,SOFT,5.0,1,1.0197,1.0278
2022,Miami Grand Prix,Miami International Autodrome,TSU,AlphaTauri,15.0,SOFT,9.0,1,1.0147,1.0128
2022,Miami Grand Prix,Miami International Autodrome,MAG,Haas F1 Team,7.0,SOFT,4.0,1,1.0109,1.0245
2022,Miami Grand Prix,Miami International Autodrome,STR,Aston Martin,12.0,SOFT,4.0,1,1.0188,1.0212
2022,Miami Grand Prix,Miami International Autodrome,LEC,Ferrari,8.0,SOFT,2.0,2,1.0012,1.0
2022,Miami Grand Prix,Miami International Autodrome,ALO,Alpine,9.0,SOFT,4.0,1,1.0048,1.0154
2022,Miami Grand Prix,Miami International Autodrome,PER,Red Bull Racing,9.0,SOFT,4.0,1,1.0024,1.0027
2022,Miami Grand Prix,Miami International Autodrome,GAS,AlphaTauri,8.0,SOFT,2.0,2,1.0068,1.0101
2022,Miami Grand Prix,Miami International Autodrome,LAT,Williams,11.0,SOFT,4.0,1,1.0331,1.0285
2022,Miami Grand Prix,Miami International Autodrome,VET,Aston Martin,10.0,SOFT,2.0,2,1.0162,1.016
2022,Miami Grand Prix,Miami International Autodrome,NOR,McLaren,11.0,SOFT,4.0,1,1.0066,1.0107
2022,Miami Grand Prix,Miami International Autodrome,RIC,McLaren,11.0,SOFT,2.0,2,1.0141,1.0171
2022,Miami Grand Prix,Miami International Autodrome,RUS,Mercedes,7.0,SOFT,3.0,1,1.0,1.0155
2022,Spanish Grand Prix,Circuit de Barcelona-Catalunya,VER,Red Bull Racing,7.0,SOFT,2.0,1,1.0042,1.0041
2022,Spanish Grand Prix,Circuit de Barcelona-Catalunya,SAI,Ferrari,11.0,SOFT,2.0,1,1.004,1.0053
2022,Spanish Grand Prix,Circuit de Barcelona-Catalunya,MSC,Haas F1 Team,9.0,SOFT,2.0,1,1.0136,1.0205
2022,Spanish Grand Prix,Circuit de Barcelona-Catalunya,HAM,Mercedes,10.0,SOFT,2.0,1,1.0026,1.0097
2022,Spanish Grand Prix,Circuit de Barcelona-Catalunya,OCO,Alpine,8.0,SOFT,2.0,1,1.0135,1.024
2022,Spanish Grand Prix,Circuit de Barcelona-Catalunya,ZHO,Alfa Romeo,13.0,SOFT,2.0,1,1.0276,1.0298
2022,Spanish Grand Prix,Circuit de Barcelona-Catalunya,ALB,Williams,12.0,SOFT,2.0,1,1.0332,1.0368
2022,Spanish Grand Prix,Circuit de Barcelona-Catalunya,TSU,AlphaTauri,9.0,SOFT,3.0,1,1.0203,1.024
2022,Spanish Grand Prix,Circuit de Barcelona-Catalunya,MAG,Haas F1 Team,8.0,SOFT,2.0,1,1.0169,1.0118
2022,Spanish Grand Prix,Circuit de Barcelona-Catalunya,STR,Aston Martin,9.0,SOFT,2.0,1,1.0198,1.0339
2022,Spanish Grand Prix,Circuit de Barcelona-Catalunya,LEC,Ferrari,10.0,SOFT,2.0,1,1.0,1.0
2022,Spanish Grand Prix,Circuit de Barcelona-Catalunya,ALO,Alpine,9.0,SOFT,2.0,1,1.0067,1.0291
2022,Spanish Grand Prix,Circuit de Barcelona-Catalunya,PER,Red Bull Racing,12.0,SOFT,5.0,1,1.0121,1.0085
2022,Spanish Grand Prix,Circuit de Barcelona-Catalunya,GAS,AlphaTauri,10.0,SOFT,2.0,1,1.0157,1.0268
2022,Spanish Grand Prix,Circuit de Barcelona-Catalunya,LAT,Williams,10.0,SOFT,4.0,1,1.0443,1.0402
2022,Spanish Grand Prix,Circuit de Barcelona-Catalunya,VET,Aston Martin,9.0,SOFT,2.0,1,1.013,1.028
2022,Spanish Grand Prix,Circuit de Barcelona-Catalunya,NOR,McLaren,5.0,MEDIUM,5.0,1,1.0467,1.0219
2022,Spanish Grand Prix,Circuit de Barcelona-Catalunya,RIC,McLaren,11.0,SOFT,2.0,1,1.0215,1.0196
2022,Spanish Grand Prix,Circuit de Barcelona-Catalunya,RUS,Mercedes,11.0,SOFT,2.0,1,1.0015,1.0082
2022,Spanish Grand Prix,Circuit de Barcelona-Catalunya,BOT,Alfa Romeo,2.0,MEDIUM,2.0,1,1.0271,1.0109
2022,Monaco Grand Prix,Circuit de Monaco,VER,Red Bull Racing,15.0,SOFT,5.0,1,1.0062,1.0041
2022,Monaco Grand Prix,Circuit de Monaco,SAI,Ferrari,21.0,SOFT,11.0,1,1.0006,1.0032
2022,Monaco Grand Prix,Circuit de Monaco,MSC,Haas F1 Team,14.0,SOFT,4.0,1,1.0308,1.0239
2022,Monaco Grand Prix,Circuit de Monaco,HAM,Mercedes,11.0,SOFT,2.0,1,1.0222,1.0166
2022,Monaco Grand Prix,Circuit de Monaco,OCO,Alpine,16.0,SOFT,7.0,1,1.0352,1.0234
2022,Monaco Grand Prix,Circuit de Monaco,ZHO,Alfa Romeo,14.0,SOFT,5.0,1,1.0257,1.0593
2022,Monaco Grand Prix,Circuit de Monaco,ALB,Williams,17.0,SOFT,7.0,1,1.0252,1.0313
2022,Monaco Grand Prix,Circuit de Monaco,TSU,AlphaTauri,17.0,SOFT,12.0,1,1.0203,1.0199
2022,Monaco Grand Prix,Circuit de Monaco,MAG,Haas F1 Team,11.0,SOFT,2.0,1,1.0218,1.0216
2022,Monaco Grand Prix,Circuit de Monaco,STR,Aston Martin,11.0,SOFT,5.0,1,1.0271,1.0323
2022,Monaco Grand Prix,Circuit de Monaco,LEC,Ferrari,15.0,SOFT,6.0,1,1.0,1.0
2022,Monaco Grand Prix,Circuit de Monaco,ALO,Alpine,10.0,SOFT,2.0,1,1.0173,1.0122
2022,Monaco Grand Prix,Circuit de Monaco,PER,Red Bull Racing,17.0,SOFT,8.0,2,1.0052,1.0035
2022,Monaco Grand Prix,Circuit de Monaco,GAS,AlphaTauri,16.0,SOFT,2.0,2,1.0135,1.032
2022,Monaco Grand Prix,Circuit de Monaco,LAT,Williams,12.0,SOFT,2.0,1,1.0498,1.0424
2022,Monaco Grand Prix,Circuit de Monaco,VET,Aston Martin,13.0,SOFT,5.0,1,1.0193,1.019
2022,Monaco Grand Prix,Circuit de Monaco,NOR,McLaren,13.0,SOFT,4.0,1,1.0088,1.0066
2022,Monaco Grand Prix,Circuit de Monaco,RUS,Mercedes,16.0,SOFT,7.0,1,1.0103,1.0103
2022,Monaco Grand Prix,Circuit de Monaco,BOT,Alfa Romeo,17.0,SOFT,3.0,1,1.0249,1.0215
2022,Azerbaijan Grand Prix,Baku City Circuit,VER,Red Bull Racing,11.0,SOFT,4.0,1,1.0034,1.0034
2022,Azerbaijan Grand Prix,Baku City Circuit,SAI,Ferrari,7.0,MEDIUM,7.0,1,1.0102,1.0045
2022,Azerbaijan Grand Prix,Baku City Circuit,MSC,Haas F1 Team,16.0,SOFT,6.0,1,1.031,1.0436
2022,Azerbaijan Grand Prix,Baku City Circuit,HAM,Mercedes,9.0,SOFT,2.0,1,1.016,1.0154
2022,Azerbaijan Grand Prix,Baku City Circuit,OCO,Alpine,11.0,SOFT,4.0,1,1.0134,1.022
2022,Azerbaijan Grand Prix,Baku City Circuit,ZHO,Alfa Romeo,13.0,SOFT,5.0,2,1.0198,1.024
2022,Azerbaijan Grand Prix,Baku City Circuit,ALB,Williams,11.0,SOFT,4.0,1,1.0307,1.0331
2022,Azerbaijan Grand Prix,Baku City Circuit,TSU,AlphaTauri,9.0,SOFT,2.0,1,1.013,1.0167
2022,Azerbaijan Grand Prix,Baku City Circuit,MAG,Haas F1 Team,10.0,SOFT,2.0,1,1.0229,1.0324
2022,Azerbaijan Grand Prix,Baku City Circuit,STR,Aston Martin,11.0,SOFT,3.0,2,1.016,1.0396
2022,Azerbaijan Grand Prix,Baku City Circuit,LEC,Ferrari,11.0,SOFT,3.0,1,1.0,1.0
2022,Azerbaijan Grand Prix,Baku City Circuit,ALO,Alpine,9.0,SOFT,4.0,1,1.0089,1.0179
2022,Azerbaijan Grand Prix,Baku City Circuit,PER,Red Bull Racing,10.0,SOFT,2.0,1,1.0024,1.0028
2022,Azerbaijan Grand Prix,Baku City Circuit,GAS,AlphaTauri,13.0,SOFT,4.0,2,1.0106,1.0147
2022,Azerbaijan Grand Prix,Baku City Circuit,LAT,Williams,12.0,SOFT,4.0,1,1.0387,1.0395
2022,Azerbaijan Grand Prix,Baku City Circuit,VET,Aston Martin,12.0,SOFT,4.0,2,1.0151,1.0171
2022,Azerbaijan Grand Prix,Baku City Circuit,NOR,McLaren,9.0,SOFT,2.0,1,1.015,1.0201
2022,Azerbaijan Grand Prix,Baku City Circuit,RIC,McLaren,11.0,SOFT,2.0,1,1.0178,1.0219
2022,Azerbaijan Grand Prix,Baku City Circuit,RUS,Mercedes,10.0,SOFT,2.0,1,1.0128,1.0133
2022,Azerbaijan Grand Prix,Baku City Circuit,BOT,Alfa Romeo,14.0,SOFT,5.0,2,1.0183,1.0304
2022,Canadian Grand Prix,Circuit Gilles Villeneuve,VER,Red Bull Racing,11.0,SOFT,2.0,1,1.0,1.0
2022,Canadian Grand Prix,Circuit Gilles Villeneuve,SAI,Ferrari,12.0,SOFT,2.0,1,1.003,1.0098
2022,Canadian Grand Prix,Circuit Gilles Villeneuve,MSC,Haas F1 Team,15.0,SOFT,2.0,1,1.0187,1.0253
2022,Canadian Grand Prix,Circuit Gilles Villeneuve,HAM,Mercedes,10.0,SOFT,4.0,1,1.0175,1.0196
2022,Canadian Grand Prix,Circuit Gilles Villeneuve,OCO,Alpine,13.0,SOFT,4.0,1,1.0134,1.0274
2022,Canadian Grand Prix,Circuit Gilles Villeneuve,ZHO,Alfa Romeo,16.0,SOFT,5.0,1,1.0189,1.0336
2022,Canadian Grand Prix,Circuit Gilles Villeneuve,ALB,Williams,14.0,SOFT,7.0,1,1.0276,1.0684
2022,Canadian Grand Prix,Circuit Gilles Villeneuve,TSU,AlphaTauri,14.0,SOFT,6.0,1,1.0194,1.1879
2022,Canadian Grand Prix,Circuit Gilles Villeneuve,MAG,Haas F1 Team,15.0,SOFT,2.0,1,1.0185,1.0204
2022,Canadian Grand Prix,Circuit Gilles Villeneuve,STR,Aston Martin,15.0,SOFT,2.0,1,1.0171,1.1751
2022,Canadian Grand Prix,Circuit Gilles Villeneuve,LEC,Ferrari,12.0,SOFT,2.0,1,1.0011,1.144
2022,Canadian Grand Prix,Circuit Gilles Villeneuve,ALO,Alpine,11.0,SOFT,4.0,1,1.0056,1.0079
2022,Canadian Grand Prix,Circuit Gilles Villeneuve,PER,Red Bull Racing,11.0,SOFT,2.0,1,1.014,1.1455
2022,Canadian Grand Prix,Circuit Gilles Villeneuve,GAS,AlphaTauri,16.0,SOFT,5.0,1,1.0101,1.1623
2022,Canadian Grand Prix,Circuit Gilles Villeneuve,LAT,Williams,9.0,SOFT,2.0,1,1.0321,1.1766
2022,Canadian Grand Prix,Circuit Gilles Villeneuve,VET,Aston Martin,18.0,SOFT,3.0,1,1.0042,1.1625
2022,Canadian Grand Prix,Circuit Gilles Villeneuve,NOR,McLaren,12.0,SOFT,3.0,1,1.0116,1.157
2022,Canadian Grand Prix,Circuit Gilles Villeneuve,RIC,McLaren,13.0,SOFT,2.0,1,1.0122,1.0301
2022,Canadian Grand Prix,Circuit Gilles Villeneuve,RUS,Mercedes,11.0,SOFT,4.0,1,1.0114,1.0278
2022,British Grand Prix,Silverstone Circuit,VER,Red Bull Racing,10.0,SOFT,2.0,1,1.0023,1.0007
2022,British Grand Prix,Silverstone Circuit,SAI,Ferrari,16.0,SOFT,5.0,1,1.0,1.0
2022,British Grand Prix,Silverstone Circuit,MSC,Haas F1 Team,15.0,SOFT,6.0,1,1.0187,1.0171
2022,British Grand Prix,Silverstone Circuit,HAM,Mercedes,12.0,SOFT,3.0,1,1.0018,1.01
2022,British Grand Prix,Silverstone Circuit,OCO,Alpine,9.0,SOFT,2.0,1,1.0146,1.0417
2022,British Grand Prix,Silverstone Circuit,ZHO,Alfa Romeo,15.0,SOFT,8.0,1,1.0149,1.0172
2022,British Grand Prix,Silverstone Circuit,ALB,Williams,13.0,SOFT,4.0,1,1.0149,1.0108
2022,British Grand Prix,Silverstone Circuit,TSU,AlphaTauri,13.0,SOFT,2.0,1,1.0157,1.033
2022,British Grand Prix,Silverstone Circuit,MAG,Haas F1 Team,14.0,SOFT,5.0,1,1.0173,1.0116
2022,British Grand Prix,Silverstone Circuit,STR,Aston Martin,16.0,SOFT,6.0,1,1.0112,1.0242
2022,British Grand Prix,Silverstone Circuit,LEC,Ferrari,14.0,SOFT,5.0,1,1.0052,1.0031
2022,British Grand Prix,Silverstone Circuit,ALO,Alpine,11.0,SOFT,2.0,1,1.0085,1.0112
2022,British Grand Prix,Silverstone Circuit,PER,Red Bull Racing,12.0,SOFT,2.0,1,1.0091,1.0063
2022,British Grand Prix,Silverstone Circuit,GAS,AlphaTauri,18.0,SOFT,6.0,1,1.0176,1.0269
2022,British Grand Prix,Silverstone Circuit,LAT,Williams,12.0,SOFT,4.0,1,1.0268,1.219
2022,British Grand Prix,Silverstone Circuit,VET,Aston Martin,17.0,SOFT,7.0,1,1.0125,1.0167
2022,British Grand Prix,Silverstone Circuit,NOR,McLaren,12.0,SOFT,2.0,1,1.002,1.0109
2022,British Grand Prix,Silverstone Circuit,RIC,McLaren,13.0,SOFT,3.0,1,1.0108,1.0334
2022,British Grand Prix,Silverstone Circuit,RUS,Mercedes,12.0,SOFT,4.0,1,1.0096,1.0117
2022,British Grand Prix,Silverstone Circuit,BOT,Alfa Romeo,16.0,SOFT,9.0,1,1.0119,1.0322
2022,Austrian Grand Prix,Red Bull Ring,VER,Red Bull Racing,20.0,MEDIUM,25.0,1,1.0024,1.0
2022,Austrian Grand Prix,Red Bull Ring,SAI,Ferrari,28.0,SOFT,12.0,1,1.0,1.0013
2022,Austrian Grand Prix,Red Bull Ring,MSC,Haas F1 Team,30.0,SOFT,23.0,1,1.0159,1.0158
2022,Austrian Grand Prix,Red Bull Ring,HAM,Mercedes,2.0,SOFT,5.0,1,1.0108,1.1257
2022,Austrian Grand Prix,Red Bull Ring,OCO,Alpine,8.0,MEDIUM,7.0,1,1.0035,1.0114
2022,Austrian Grand Prix,Red Bull Ring,ZHO,Alfa Romeo,15.0,SOFT,5.0,1,1.0154,1.0295
2022,Austrian Grand Prix,Red Bull Ring,ALB,Williams,19.0,MEDIUM,7.0,1,1.0165,1.0192
2022,Austrian Grand Prix,Red Bull Ring,TSU,AlphaTauri,21.0,MEDIUM,10.0,1,1.0203,1.0287
2022,Austrian Grand Prix,Red Bull Ring,MAG,Haas F1 Team,22.0,SOFT,14.0,1,1.0197,1.0138
2022,Austrian Grand Prix,Red Bull Ring,STR,Aston Martin,26.0,SOFT,2.0,1,1.0133,1.0287
2022,Austrian Grand Prix,Red Bull Ring,LEC,Ferrari,25.0,SOFT,9.0,1,1.0007,1.0004
2022,Austrian Grand Prix,Red Bull Ring,ALO,Alpine,11.0,MEDIUM,10.0,1,1.0032,1.0172
2022,Austrian Grand Prix,Red Bull Ring,PER,Red Bull Racing,13.0,MEDIUM,16.0,1,1.0083,1.0065
2022,Austrian Grand Prix,Red Bull Ring,GAS,AlphaTauri,21.0,SOFT,9.0,1,1.0141,1.0181
2022,Austrian Grand Prix,Red Bull Ring,LAT,Williams,21.0,MEDIUM,5.0,1,1.0241,1.0311
2022,Austrian Grand Prix,Red Bull Ring,VET,Aston Martin,26.0,SOFT,2.0,1,1.0145,1.0323
2022,Austrian Grand Prix,Red Bull Ring,NOR,McLaren,21.0,MEDIUM,4.0,1,1.0132,1.321
2022,Austrian Grand Prix,Red Bull Ring,RIC,McLaren,21.0,MEDIUM,12.0,1,1.0181,1.0251
2022,Austrian Grand Prix,Red Bull Ring,RUS,Mercedes,6.0,SOFT,11.0,1,1.0092,1.0069
2022,Austrian Grand Prix,Red Bull Ring,BOT,Alfa Romeo,16.0,SOFT,5.0,1,1.0093,1.0205
