Year,Race,Track,Driver,Team,LapNumber,Compound,TyreLife,TrackStatus,PracticeLapTimeDelta,QualifyingPosition
2021,Bahrain Grand Prix,Bahrain International Circuit,VER,Red Bull Racing,8.0,SOFT,2.0,1,1.0,1
2021,Bahrain Grand Prix,Bahrain International Circuit,HAM,Mercedes,8.0,SOFT,2.0,1,1.0026,2
2021,Bahrain Grand Prix,Bahrain International Circuit,BOT,Mercedes,8.0,SOFT,2.0,1,1.0041,3
2021,Bahrain Grand Prix,Bahrain International Circuit,LEC,Ferrari,8.0,SOFT,2.0,1,1.0084,4
2021,Bahrain Grand Prix,Bahrain International Circuit,GAS,AlphaTauri,8.0,SOFT,2.0,1,1.007,5
2021,Bahrain Grand Prix,Bahrain International Circuit,RIC,McLaren,9.0,SOFT,2.0,1,1.0042,6
2021,Bahrain Grand Prix,Bahrain International Circuit,NOR,McLaren,10.0,SOFT,2.0,1,1.001,7
2021,Bahrain Grand Prix,Bahrain International Circuit,SAI,Ferrari,8.0,SOFT,2.0,1,1.0031,8
2021,Bahrain Grand Prix,Bahrain International Circuit,ALO,Alpine,8.0,SOFT,2.0,1,1.0102,9
2021,Bahrain Grand Prix,Bahrain International Circuit,STR,Aston Martin,7.0,SOFT,2.0,1,1.006,10
2021,Bahrain Grand Prix,Bahrain International Circuit,PER,Red Bull Racing,8.0,SOFT,2.0,1,1.0072,11
2021,Bahrain Grand Prix,Bahrain International Circuit,GIO,Alfa Romeo,10.0,SOFT,2.0,1,1.0098,12
2021,Bahrain Grand Prix,Bahrain International Circuit,TSU,AlphaTauri,8.0,SOFT,2.0,1,1.0049,13
2021,Bahrain Grand Prix,Bahrain International Circuit,RAI,Alfa Romeo,8.0,SOFT,2.0,1,1.0112,14
2021,Bahrain Grand Prix,Bahrain International Circuit,OCO,Alpine,6.0,SOFT,2.0,1,1.0083,15
2021,Bahrain Grand Prix,Bahrain International Circuit,LAT,Williams,7.0,SOFT,2.0,1,1.0281,16
2021,Bahrain Grand Prix,Bahrain International Circuit,VET,Aston Martin,8.0,SOFT,2.0,1,1.0101,17
2021,Bahrain Grand Prix,Bahrain International Circuit,MSC,Haas F1 Team,9.0,SOFT,2.0,1,1.027,18
2021,Bahrain Grand Prix,Bahrain International Circuit,MAZ,Haas F1 Team,6.0,SOFT,2.0,1,1.0286,19
2021,Bahrain Grand Prix,Bahrain International Circuit,RUS,Williams,7.0,SOFT,2.0,1,1.0163,20
2021,Emilia Romagna Grand Prix,Imola Circuit,HAM,Mercedes,13.0,SOFT,4.0,1,1.0001,1
2021,Emilia Romagna Grand Prix,Imola Circuit,PER,Red Bull Racing,12.0,SOFT,4.0,1,1.0114,2
2021,Emilia Romagna Grand Prix,Imola Circuit,VER,Red Bull Racing,2.0,MEDIUM,2.0,1,1.0192,3
2021,Emilia Romagna Grand Prix,Imola Circuit,LEC,Ferrari,11.0,SOFT,5.0,1,1.0109,4
2021,Emilia Romagna Grand Prix,Imola Circuit,GAS,AlphaTauri,12.0,SOFT,4.0,1,1.001,5
2021,Emilia Romagna Grand Prix,Imola Circuit,RIC,McLaren,8.0,MEDIUM,8.0,1,1.0229,6
2021,Emilia Romagna Grand Prix,Imola Circuit,NOR,McLaren,11.0,SOFT,2.0,1,1.0124,7
2021,Emilia Romagna Grand Prix,Imola Circuit,BOT,Mercedes,8.0,MEDIUM,8.0,1,1.0,8
2021,Emilia Romagna Grand Prix,Imola Circuit,STR,Aston Martin,8.0,SOFT,2.0,1,1.0157,9
2021,Emilia Romagna Grand Prix,Imola Circuit,SAI,Ferrari,10.0,SOFT,2.0,1,1.0037,10
2021,Emilia Romagna Grand Prix,Imola Circuit,OCO,Alpine,9.0,SOFT,2.0,1,1.0168,11
2021,Emilia Romagna Grand Prix,Imola Circuit,RUS,Williams,14.0,SOFT,8.0,1,1.0215,12
2021,Emilia Romagna Grand Prix,Imola Circuit,VET,Aston Martin,9.0,SOFT,2.0,1,1.0204,13
2021,Emilia Romagna Grand Prix,Imola Circuit,LAT,Williams,10.0,SOFT,4.0,1,1.0168,14
2021,Emilia Romagna Grand Prix,Imola Circuit,ALO,Alpine,11.0,SOFT,4.0,1,1.017,15
2021,Emilia Romagna Grand Prix,Imola Circuit,RAI,Alfa Romeo,12.0,SOFT,2.0,1,1.0228,16
2021,Emilia Romagna Grand Prix,Imola Circuit,GIO,Alfa Romeo,10.0,SOFT,2.0,1,1.0127,17
2021,Emilia Romagna Grand Prix,Imola Circuit,MSC,Haas F1 Team,18.0,SOFT,6.0,1,1.0238,18
2021,Emilia Romagna Grand Prix,Imola Circuit,MAZ,Haas F1 Team,11.0,SOFT,7.0,1,1.0305,19
2021,Portuguese Grand Prix,Algarve International Circuit,BOT,Mercedes,9.0,SOFT,2.0,1,1.0043,1
2021,Portuguese Grand Prix,Algarve International Circuit,HAM,Mercedes,10.0,SOFT,3.0,1,1.0,2
2021,Portuguese Grand Prix,Algarve International Circuit,VER,Red Bull Racing,11.0,SOFT,2.0,1,1.0018,3
2021,Portuguese Grand Prix,Algarve International Circuit,PER,Red Bull Racing,15.0,SOFT,5.0,1,1.0085,4
2021,Portuguese Grand Prix,Algarve International Circuit,SAI,Ferrari,11.0,SOFT,3.0,1,1.0045,5
2021,Portuguese Grand Prix,Algarve International Circuit,OCO,Alpine,12.0,SOFT,5.0,1,1.005,6
2021,Portuguese Grand Prix,Algarve International Circuit,RUS,Williams,14.0,SOFT,5.0,1,1.0143,7
2021,Portuguese Grand Prix,Algarve International Circuit,NOR,McLaren,12.0,SOFT,4.0,1,1.0115,8
2021,Portuguese Grand Prix,Algarve International Circuit,GIO,Alfa Romeo,13.0,SOFT,5.0,1,1.0175,9
2021,Portuguese Grand Prix,Algarve International Circuit,LEC,Ferrari,12.0,SOFT,3.0,1,1.0066,10
2021,Portuguese Grand Prix,Algarve International Circuit,ALO,Alpine,10.0,SOFT,2.0,1,1.0048,11
2021,Portuguese Grand Prix,Algarve International Circuit,TSU,AlphaTauri,17.0,SOFT,7.0,1,1.0152,12
2021,Portuguese Grand Prix,Algarve International Circuit,GAS,AlphaTauri,17.0,SOFT,9.0,1,1.009,13
2021,Portuguese Grand Prix,Algarve International Circuit,VET,Aston Martin,8.0,SOFT,2.0,1,1.0155,14
2021,Portuguese Grand Prix,Algarve International Circuit,RAI,Alfa Romeo,11.0,SOFT,2.0,1,1.0174,15
2021,Portuguese Grand Prix,Algarve International Circuit,RIC,McLaren,16.0,SOFT,4.0,1,1.0073,16
2021,Portuguese Grand Prix,Algarve International Circuit,STR,Aston Martin,9.0,SOFT,2.0,1,1.0074,17
2021,Portuguese Grand Prix,Algarve International Circuit,LAT,Williams,13.0,SOFT,4.0,1,1.0253,18
2021,Portuguese Grand Prix,Algarve International Circuit,MSC,Haas F1 Team,11.0,SOFT,3.0,1,1.0213,19
2021,Portuguese Grand Prix,Algarve International Circuit,MAZ,Haas F1 Team,9.0,SOFT,2.0,1,1.0351,20
2021,Spanish Grand Prix,Circuit de Barcelona-Catalunya,HAM,Mercedes,9.0,SOFT,2.0,1,1.0,1
2021,Spanish Grand Prix,Circuit de Barcelona-Catalunya,VER,Red Bull Racing,6.0,MEDIUM,6.0,1,1.0079,2
2021,Spanish Grand Prix,Circuit de Barcelona-Catalunya,BOT,Mercedes,8.0,SOFT,2.0,1,1.0018,3
2021,Spanish Grand Prix,Circuit de Barcelona-Catalunya,LEC,Ferrari,8.0,SOFT,2.0,1,1.0021,4
2021,Spanish Grand Prix,Circuit de Barcelona-Catalunya,OCO,Alpine,9.0,SOFT,2.0,1,1.0038,5
2021,Spanish Grand Prix,Circuit de Barcelona-Catalunya,RIC,McLaren,13.0,SOFT,2.0,1,1.0131,6
2021,Spanish Grand Prix,Circuit de Barcelona-Catalunya,SAI,Ferrari,9.0,SOFT,2.0,1,1.0064,7
2021,Spanish Grand Prix,Circuit de Barcelona-Catalunya,PER,Red Bull Racing,10.0,SOFT,2.0,1,1.0096,8
2021,Spanish Grand Prix,Circuit de Barcelona-Catalunya,STR,Aston Martin,8.0,SOFT,2.0,1,1.0123,9
2021,Spanish Grand Prix,Circuit de Barcelona-Catalunya,GAS,AlphaTauri,14.0,SOFT,5.0,1,1.0054,10
2021,Spanish Grand Prix,Circuit de Barcelona-Catalunya,NOR,McLaren,7.0,SOFT,2.0,1,1.0118,11
2021,Spanish Grand Prix,Circuit de Barcelona-Catalunya,VET,Aston Martin,7.0,SOFT,2.0,1,1.0099,12
2021,Spanish Grand Prix,Circuit de Barcelona-Catalunya,ALO,Alpine,10.0,SOFT,2.0,1,1.0045,13
2021,Spanish Grand Prix,Circuit de Barcelona-Catalunya,GIO,Alfa Romeo,12.0,SOFT,2.0,1,1.0122,14
2021,Spanish Grand Prix,Circuit de Barcelona-Catalunya,TSU,AlphaTauri,13.0,SOFT,5.0,1,1.0057,15
2021,Spanish Grand Prix,Circuit de Barcelona-Catalunya,RAI,Alfa Romeo,12.0,SOFT,2.0,1,1.0133,16
2021,Spanish Grand Prix,Circuit de Barcelona-Catalunya,MSC,Haas F1 Team,13.0,SOFT,6.0,1,1.0276,17
2021,Spanish Grand Prix,Circuit de Barcelona-Catalunya,RUS,Williams,11.0,SOFT,2.0,1,1.0229,18
2021,Spanish Grand Prix,Circuit de Barcelona-Catalunya,LAT,Williams,11.0,SOFT,4.0,1,1.024,19
2021,Spanish Grand Prix,Circuit de Barcelona-Catalunya,MAZ,Haas F1 Team,10.0,SOFT,2.0,1,1.033,20
2021,Monaco Grand Prix,Circuit de Monaco,LEC,Ferrari,23.0,SOFT,7.0,1,1.0,1
2021,Monaco Grand Prix,Circuit de Monaco,VER,Red Bull Racing,15.0,SOFT,3.0,1,1.0055,2
2021,Monaco Grand Prix,Circuit de Monaco,BOT,Mercedes,15.0,SOFT,4.0,1,1.0059,3
2021,Monaco Grand Prix,Circuit de Monaco,SAI,Ferrari,18.0,SOFT,3.0,1,1.0016,4
2021,Monaco Grand Prix,Circuit de Monaco,NOR,McLaren,14.0,SOFT,3.0,1,1.0097,5
2021,Monaco Grand Prix,Circuit de Monaco,GAS,AlphaTauri,18.0,SOFT,9.0,1,1.0114,6
2021,Monaco Grand Prix,Circuit de Monaco,HAM,Mercedes,21.0,SOFT,9.0,1,1.0054,7
2021,Monaco Grand Prix,Circuit de Monaco,VET,Aston Martin,15.0,SOFT,4.0,1,1.0181,8
2021,Monaco Grand Prix,Circuit de Monaco,OCO,Alpine,13.0,SOFT,4.0,1,1.0211,9
2021,Monaco Grand Prix,Circuit de Monaco,PER,Red Bull Racing,19.0,SOFT,8.0,1,1.0143,10
2021,Monaco Grand Prix,Circuit de Monaco,RIC,McLaren,22.0,SOFT,10.0,1,1.0219,11
2021,Monaco Grand Prix,Circuit de Monaco,STR,Aston Martin,16.0,SOFT,4.0,1,1.0211,12
2021,Monaco Grand Prix,Circuit de Monaco,RAI,Alfa Romeo,20.0,SOFT,9.0,1,1.0193,13
2021,Monaco Grand Prix,Circuit de Monaco,GIO,Alfa Romeo,14.0,SOFT,4.0,1,1.0148,14
2021,Monaco Grand Prix,Circuit de Monaco,RUS,Williams,20.0,SOFT,13.0,1,1.0255,15
2021,Monaco Grand Prix,Circuit de Monaco,TSU,AlphaTauri,9.0,MEDIUM,9.0,1,1.0439,16
2021,Monaco Grand Prix,Circuit de Monaco,ALO,Alpine,17.0,SOFT,6.0,1,1.0208,17
2021,Monaco Grand Prix,Circuit de Monaco,LAT,Williams,17.0,SOFT,9.0,1,1.0266,18
2021,Monaco Grand Prix,Circuit de Monaco,MAZ,Haas F1 Team,17.0,SOFT,7.0,1,1.038,19
2021,Azerbaijan Grand Prix,Baku City Circuit,LEC,Ferrari,8.0,SOFT,2.0,1,1.0031,1
2021,Azerbaijan Grand Prix,Baku City Circuit,HAM,Mercedes,11.0,SOFT,5.0,2,1.0102,2
2021,Azerbaijan Grand Prix,Baku City Circuit,GAS,AlphaTauri,11.0,SOFT,4.0,2,1.0041,3
2021,Azerbaijan Grand Prix,Baku City Circuit,VER,Red Bull Racing,10.0,SOFT,4.0,2,1.001,4
2021,Azerbaijan Grand Prix,Baku City Circuit,SAI,Ferrari,8.0,SOFT,2.0,1,1.0013,5
2021,Azerbaijan Grand Prix,Baku City Circuit,NOR,McLaren,8.0,SOFT,2.0,1,1.0088,6
2021,Azerbaijan Grand Prix,Baku City Circuit,PER,Red Bull Racing,10.0,SOFT,4.0,2,1.0,7
2021,Azerbaijan Grand Prix,Baku City Circuit,TSU,AlphaTauri,13.0,SOFT,7.0,2,1.0099,8
2021,Azerbaijan Grand Prix,Baku City Circuit,VET,Aston Martin,12.0,SOFT,6.0,1,1.0173,9
2021,Azerbaijan Grand Prix,Baku City Circuit,OCO,Alpine,9.0,SOFT,4.0,1,1.0089,10
2021,Azerbaijan Grand Prix,Baku City Circuit,ALO,Alpine,12.0,SOFT,6.0,2,1.0057,11
2021,Azerbaijan Grand Prix,Baku City Circuit,RIC,McLaren,12.0,SOFT,6.0,1,1.0116,12
2021,Azerbaijan Grand Prix,Baku City Circuit,RAI,Alfa Romeo,12.0,SOFT,6.0,2,1.0108,13
2021,Azerbaijan Grand Prix,Baku City Circuit,BOT,Mercedes,12.0,SOFT,6.0,1,1.0203,14
2021,Azerbaijan Grand Prix,Baku City Circuit,RUS,Williams,7.0,SOFT,2.0,1,1.0239,15
2021,Azerbaijan Grand Prix,Baku City Circuit,LAT,Williams,2.0,MEDIUM,2.0,2,1.0477,16
2021,Azerbaijan Grand Prix,Baku City Circuit,MSC,Haas F1 Team,6.0,SOFT,2.0,1,1.039,17
2021,Azerbaijan Grand Prix,Baku City Circuit,MAZ,Haas F1 Team,11.0,SOFT,6.0,2,1.0338,18
2021,French Grand Prix,Circuit Paul Ricard,VER,Red Bull Racing,8.0,SOFT,2.0,1,1.0,1
2021,French Grand Prix,Circuit Paul Ricard,HAM,Mercedes,8.0,SOFT,2.0,1,1.0027,2
2021,French Grand Prix,Circuit Paul Ricard,BOT,Mercedes,2.0,MEDIUM,2.0,1,1.0001,3
2021,French Grand Prix,Circuit Paul Ricard,PER,Red Bull Racing,11.0,SOFT,5.0,1,1.0113,4
2021,French Grand Prix,Circuit Paul Ricard,SAI,Ferrari,12.0,SOFT,3.0,1,1.0089,5
2021,French Grand Prix,Circuit Paul Ricard,GAS,AlphaTauri,14.0,SOFT,5.0,1,1.0089,6
2021,French Grand Prix,Circuit Paul Ricard,LEC,Ferrari,13.0,SOFT,6.0,1,1.0073,7
2021,French Grand Prix,Circuit Paul Ricard,NOR,McLaren,12.0,SOFT,5.0,1,1.0102,8
2021,French Grand Prix,Circuit Paul Ricard,ALO,Alpine,13.0,SOFT,5.0,1,1.005,9
2021,French Grand Prix,Circuit Paul Ricard,RIC,McLaren,13.0,SOFT,4.0,1,1.013,10
2021,French Grand Prix,Circuit Paul Ricard,OCO,Alpine,11.0,SOFT,5.0,1,1.0088,11
2021,French Grand Prix,Circuit Paul Ricard,VET,Aston Martin,8.0,MEDIUM,2.0,1,1.017,12
2021,French Grand Prix,Circuit Paul Ricard,GIO,Alfa Romeo,13.0,SOFT,5.0,1,1.0103,13
2021,French Grand Prix,Circuit Paul Ricard,RUS,Williams,10.0,SOFT,5.0,1,1.0258,14
2021,French Grand Prix,Circuit Paul Ricard,MSC,Haas F1 Team,11.0,SOFT,2.0,1,1.0284,15
2021,French Grand Prix,Circuit Paul Ricard,LAT,Williams,7.0,SOFT,2.0,1,1.0265,16
2021,French Grand Prix,Circuit Paul Ricard,RAI,Alfa Romeo,11.0,SOFT,2.0,1,1.0098,17
2021,French Grand Prix,Circuit Paul Ricard,MAZ,Haas F1 Team,10.0,SOFT,2.0,1,1.0288,18
2021,French Grand Prix,Circuit Paul Ricard,STR,Aston Martin,10.0,MEDIUM,4.0,1,1.019,19
2021,Styrian Grand Prix,Red Bull Ring,VER,Red Bull Racing,13.0,SOFT,2.0,1,1.0,1
2021,Styrian Grand Prix,Red Bull Ring,BOT,Mercedes,2.0,SOFT,2.0,1,1.0128,2
2021,Styrian Grand Prix,Red Bull Ring,HAM,Mercedes,10.0,SOFT,2.0,1,1.0059,3
2021,Styrian Grand Prix,Red Bull Ring,NOR,McLaren,9.0,SOFT,2.0,1,1.0089,4
2021,Styrian Grand Prix,Red Bull Ring,PER,Red Bull Racing,15.0,SOFT,5.0,1,1.0103,5
2021,Styrian Grand Prix,Red Bull Ring,LEC,Ferrari,15.0,SOFT,7.0,1,1.0131,6
2021,Styrian Grand Prix,Red Bull Ring,TSU,AlphaTauri,13.0,SOFT,2.0,2,1.0159,7
2021,Styrian Grand Prix,Red Bull Ring,ALO,Alpine,11.0,SOFT,2.0,2,1.0063,8
2021,Styrian Grand Prix,Red Bull Ring,RUS,Williams,15.0,SOFT,15.0,2,1.0186,9
2021,Styrian Grand Prix,Red Bull Ring,STR,Aston Martin,7.0,SOFT,2.0,1,1.0102,10
2021,Styrian Grand Prix,Red Bull Ring,SAI,Ferrari,14.0,SOFT,6.0,1,1.0112,11
2021,Styrian Grand Prix,Red Bull Ring,RIC,McLaren,11.0,SOFT,2.0,1,1.0051,12
2021,Styrian Grand Prix,Red Bull Ring,VET,Aston Martin,9.0,SOFT,2.0,1,1.008,13
2021,Styrian Grand Prix,Red Bull Ring,GIO,Alfa Romeo,18.0,SOFT,8.0,1,1.0112,14
2021,Styrian Grand Prix,Red Bull Ring,LAT,Williams,4.0,MEDIUM,4.0,1,1.0345,15
2021,Styrian Grand Prix,Red Bull Ring,OCO,Alpine,9.0,SOFT,2.0,1,1.0058,16
2021,Styrian Grand Prix,Red Bull Ring,RAI,Alfa Romeo,20.0,SOFT,9.0,1,1.0135,17
2021,Styrian Grand Prix,Red Bull Ring,MSC,Haas F1 Team,9.0,SOFT,2.0,1,1.0225,18
2021,Styrian Grand Prix,Red Bull Ring,MAZ,Haas F1 Team,11.0,SOFT,4.0,1,1.0305,19
2021,Austrian Grand Prix,Red Bull Ring,VER,Red Bull Racing,13.0,SOFT,2.0,1,1.0034,1
2021,Austrian Grand Prix,Red Bull Ring,NOR,McLaren,17.0,SOFT,5.0,1,1.0146,2
2021,Austrian Grand Prix,Red Bull Ring,PER,Red Bull Racing,11.0,SOFT,2.0,1,1.0154,3
2021,Austrian Grand Prix,Red Bull Ring,HAM,Mercedes,14.0,SOFT,2.0,1,1.0,4
2021,Austrian Grand Prix,Red Bull Ring,BOT,Mercedes,12.0,SOFT,2.0,1,1.0029,5
2021,Austrian Grand Prix,Red Bull Ring,GAS,AlphaTauri,14.0,SOFT,5.0,1,1.0133,6
2021,Austrian Grand Prix,Red Bull Ring,TSU,AlphaTauri,11.0,SOFT,2.0,1,1.0129,7
2021,Austrian Grand Prix,Red Bull Ring,SAI,Ferrari,18.0,SOFT,3.0,1,1.017,8
2021,Austrian Grand Prix,Red Bull Ring,VET,Aston Martin,10.0,SOFT,2.0,1,1.0115,9
2021,Austrian Grand Prix,Red Bull Ring,RUS,Williams,9.0,SOFT,2.0,1,1.0201,10
2021,Austrian Grand Prix,Red Bull Ring,LEC,Ferrari,16.0,SOFT,5.0,1,1.0184,11
2021,Austrian Grand Prix,Red Bull Ring,STR,Aston Martin,14.0,SOFT,5.0,1,1.0095,12
2021,Austrian Grand Prix,Red Bull Ring,RIC,McLaren,15.0,SOFT,3.0,1,1.0182,13
2021,Austrian Grand Prix,Red Bull Ring,ALO,Alpine,18.0,SOFT,4.0,1,1.0135,14
2021,Austrian Grand Prix,Red Bull Ring,RAI,Alfa Romeo,7.0,MEDIUM,2.0,1,1.0171,15
2021,Austrian Grand Prix,Red Bull Ring,OCO,Alpine,9.0,SOFT,2.0,1,1.0156,16
2021,Austrian Grand Prix,Red Bull Ring,GIO,Alfa Romeo,16.0,SOFT,2.0,1,1.0153,17
2021,Austrian Grand Prix,Red Bull Ring,LAT,Williams,12.0,SOFT,2.0,1,1.0231,18
2021,Austrian Grand Prix,Red Bull Ring,MSC,Haas F1 Team,13.0,SOFT,5.0,1,1.0215,19
2021,Austrian Grand Prix,Red Bull Ring,MAZ,Haas F1 Team,14.0,SOFT,5.0,1,1.0256,20
2021,British Grand Prix,Silverstone Circuit,HAM,Mercedes,23.0,SOFT,16.0,1,1.0137,1
2021,British Grand Prix,Silverstone Circuit,VER,Red Bull Racing,13.0,MEDIUM,18.0,1,1.0,2
2021,British Grand Prix,Silverstone Circuit,BOT,Mercedes,21.0,HARD,9.0,1,1.0142,3
2021,British Grand Prix,Silverstone Circuit,LEC,Ferrari,19.0,MEDIUM,10.0,1,1.0042,4
2021,British Grand Prix,Silverstone Circuit,PER,Red Bull Racing,13.0,MEDIUM,20.0,1,1.01,5
2021,British Grand Prix,Silverstone Circuit,NOR,McLaren,18.0,MEDIUM,18.0,1,1.0125,6
2021,British Grand Prix,Silverstone Circuit,RIC,McLaren,17.0,MEDIUM,19.0,1,1.0126,7
2021,British Grand Prix,Silverstone Circuit,RUS,Williams,17.0,MEDIUM,11.0,1,1.0148,8
2021,British Grand Prix,Silverstone Circuit,SAI,Ferrari,17.0,SOFT,6.0,1,1.0067,9
2021,British Grand Prix,Silverstone Circuit,VET,Aston Martin,29.0,MEDIUM,19.0,1,1.0188,10
2021,British Grand Prix,Silverstone Circuit,ALO,Alpine,16.0,SOFT,5.0,1,1.0154,11
2021,British Grand Prix,Silverstone Circuit,GAS,AlphaTauri,21.0,SOFT,5.0,1,1.0143,12
2021,British Grand Prix,Silverstone Circuit,OCO,Alpine,17.0,MEDIUM,2.0,1,1.009,13
2021,British Grand Prix,Silverstone Circuit,GIO,Alfa Romeo,14.0,SOFT,5.0,1,1.0151,14
2021,British Grand Prix,Silverstone Circuit,STR,Aston Martin,26.0,MEDIUM,17.0,1,1.0238,15
2021,British Grand Prix,Silverstone Circuit,TSU,AlphaTauri,28.0,MEDIUM,7.0,1,1.0167,16
2021,British Grand Prix,Silverstone Circuit,RAI,Alfa Romeo,24.0,SOFT,17.0,1,1.0159,17
2021,British Grand Prix,Silverstone Circuit,LAT,Williams,26.0,MEDIUM,12.0,1,1.016,18
2021,British Grand Prix,Silverstone Circuit,MSC,Haas F1 Team,2.0,MEDIUM,2.0,1,1.0458,19
2021,British Grand Prix,Silverstone Circuit,MAZ,Haas F1 Team,5.0,MEDIUM,2.0,1,1.0286,20
2021,Hungarian Grand Prix,Hungaroring,HAM,Mercedes,10.0,SOFT,2.0,1,1.0004,1
2021,Hungarian Grand Prix,Hungaroring,BOT,Mercedes,10.0,SOFT,2.0,1,1.0,2
2021,Hungarian Grand Prix,Hungaroring,VER,Red Bull Racing,10.0,SOFT,2.0,1,1.0039,3
2021,Hungarian Grand Prix,Hungaroring,PER,Red Bull Racing,13.0,SOFT,5.0,1,1.0105,4
2021,Hungarian Grand Prix,Hungaroring,GAS,AlphaTauri,11.0,SOFT,2.0,1,1.0143,5
2021,Hungarian Grand Prix,Hungaroring,NOR,McLaren,10.0,SOFT,2.0,1,1.0169,6
2021,Hungarian Grand Prix,Hungaroring,LEC,Ferrari,11.0,SOFT,2.0,1,1.0176,7
2021,Hungarian Grand Prix,Hungaroring,SAI,Ferrari,13.0,SOFT,2.0,1,1.0186,8
2021,Hungarian Grand Prix,Hungaroring,OCO,Alpine,11.0,SOFT,2.0,1,1.0097,9
2021,Hungarian Grand Prix,Hungaroring,ALO,Alpine,12.0,SOFT,2.0,1,1.015,10
2021,Hungarian Grand Prix,Hungaroring,VET,Aston Martin,7.0,SOFT,2.0,1,1.0158,11
2021,Hungarian Grand Prix,Hungaroring,RIC,McLaren,11.0,SOFT,2.0,1,1.0224,12
2021,Hungarian Grand Prix,Hungaroring,STR,Aston Martin,8.0,SOFT,2.0,1,1.017,13
2021,Hungarian Grand Prix,Hungaroring,RAI,Alfa Romeo,13.0,SOFT,2.0,1,1.0294,14
2021,Hungarian Grand Prix,Hungaroring,GIO,Alfa Romeo,15.0,SOFT,5.0,1,1.0412,15
2021,Hungarian Grand Prix,Hungaroring,TSU,AlphaTauri,2.0,SOFT,2.0,1,1.0345,16
2021,Hungarian Grand Prix,Hungaroring,RUS,Williams,10.0,SOFT,5.0,1,1.0296,17
2021,Hungarian Grand Prix,Hungaroring,LAT,Williams,7.0,SOFT,2.0,1,1.032,18
2021,Hungarian Grand Prix,Hungaroring,MAZ,Haas F1 Team,4.0,MEDIUM,4.0,1,1.0632,19
2021,Belgian Grand Prix,Circuit de Spa-Francorchamps,NOR,McLaren,13.0,SOFT,2.0,1,1.0087,1
2021,Belgian Grand Prix,Circuit de Spa-Francorchamps,LEC,Ferrari,4.0,MEDIUM,4.0,1,1.0226,2
2021,Belgian Grand Prix,Circuit de Spa-Francorchamps,LAT,Williams,4.0,MEDIUM,4.0,2,1.0165,3
2021,Belgian Grand Prix,Circuit de Spa-Francorchamps,SAI,Ferrari,10.0,SOFT,2.0,1,1.01,4
2021,Belgian Grand Prix,Circuit de Spa-Francorchamps,ALO,Alpine,9.0,SOFT,2.0,1,1.0046,5
2021,Belgian Grand Prix,Circuit de Spa-Francorchamps,STR,Aston Martin,8.0,SOFT,2.0,1,1.0068,6
2021,Belgian Grand Prix,Circuit de Spa-Francorchamps,VER,Red Bull Racing,7.0,SOFT,2.0,1,1.0,7
2021,Belgian Grand Prix,Circuit de Spa-Francorchamps,RUS,Williams,6.0,SOFT,2.0,2,1.021,8
2021,Belgian Grand Prix,Circuit de Spa-Francorchamps,HAM,Mercedes,3.0,MEDIUM,3.0,1,1.0007,9
2021,Belgian Grand Prix,Circuit de Spa-Francorchamps,RIC,McLaren,9.0,SOFT,2.0,1,1.0158,10
2021,Belgian Grand Prix,Circuit de Spa-Francorchamps,VET,Aston Martin,8.0,SOFT,2.0,1,1.0083,11
2021,Belgian Grand Prix,Circuit de Spa-Francorchamps,GAS,AlphaTauri,12.0,SOFT,4.0,1,1.0047,12
2021,Belgian Grand Prix,Circuit de Spa-Francorchamps,PER,Red Bull Racing,5.0,MEDIUM,5.0,1,1.0089,13
2021,Belgian Grand Prix,Circuit de Spa-Francorchamps,GIO,Alfa Romeo,10.0,SOFT,2.0,1,1.0126,14
2021,Belgian Grand Prix,Circuit de Spa-Francorchamps,TSU,AlphaTauri,12.0,SOFT,4.0,1,1.0123,15
2021,Belgian Grand Prix,Circuit de Spa-Francorchamps,BOT,Mercedes,3.0,MEDIUM,2.0,1,1.0004,16
2021,Belgian Grand Prix,Circuit de Spa-Francorchamps,OCO,Alpine,9.0,SOFT,2.0,1,1.0079,17
2021,Belgian Grand Prix,Circuit de Spa-Francorchamps,MSC,Haas F1 Team,8.0,SOFT,2.0,1,1.0293,18
2021,Belgian Grand Prix,Circuit de Spa-Francorchamps,RAI,Alfa Romeo,12.0,SOFT,2.0,1,1.0143,19
2021,Belgian Grand Prix,Circuit de Spa-Francorchamps,MAZ,Haas F1 Team,7.0,SOFT,2.0,1,1.0274,20
2021,Dutch Grand Prix,Circuit Zandvoort,VER,Red Bull Racing,12.0,SOFT,3.0,1,1.0051,1
2021,Dutch Grand Prix,Circuit Zandvoort,HAM,Mercedes,2.0,MEDIUM,2.0,1,1.0142,2
2021,Dutch Grand Prix,Circuit Zandvoort,BOT,Mercedes,12.0,SOFT,5.0,1,1.0032,3
2021,Dutch Grand Prix,Circuit Zandvoort,GAS,AlphaTauri,14.0,SOFT,6.0,1,1.0079,4
2021,Dutch Grand Prix,Circuit Zandvoort,LEC,Ferrari,14.0,SOFT,2.0,1,1.0,5
2021,Dutch Grand Prix,Circuit Zandvoort,SAI,Ferrari,14.0,SOFT,2.0,1,1.0022,6
2021,Dutch Grand Prix,Circuit Zandvoort,GIO,Alfa Romeo,14.0,SOFT,2.0,1,1.0109,7
2021,Dutch Grand Prix,Circuit Zandvoort,OCO,Alpine,10.0,SOFT,2.0,1,1.0024,8
2021,Dutch Grand Prix,Circuit Zandvoort,ALO,Alpine,18.0,SOFT,7.0,1,1.0053,9
2021,Dutch Grand Prix,Circuit Zandvoort,RIC,McLaren,13.0,SOFT,5.0,1,1.0177,10
2021,Dutch Grand Prix,Circuit Zandvoort,RUS,Williams,9.0,SOFT,2.0,1,1.0275,11
2021,Dutch Grand Prix,Circuit Zandvoort,STR,Aston Martin,7.0,MEDIUM,7.0,1,1.0174,12
2021,Dutch Grand Prix,Circuit Zandvoort,NOR,McLaren,15.0,SOFT,4.0,1,1.0083,13
2021,Dutch Grand Prix,Circuit Zandvoort,PER,Red Bull Racing,15.0,SOFT,4.0,1,1.0147,14
2021,Dutch Grand Prix,Circuit Zandvoort,VET,Aston Martin,12.0,SOFT,4.0,1,1.0114,15
2021,Dutch Grand Prix,Circuit Zandvoort,LAT,Williams,5.0,SOFT,2.0,1,1.0241,16
2021,Dutch Grand Prix,Circuit Zandvoort,TSU,AlphaTauri,21.0,SOFT,6.0,1,1.0168,17
2021,Dutch Grand Prix,Circuit Zandvoort,MSC,Haas F1 Team,10.0,SOFT,2.0,1,1.024,18
2021,Dutch Grand Prix,Circuit Zandvoort,MAZ,Haas F1 Team,10.0,SOFT,2.0,1,1.0273,19
2021,Italian Grand Prix,Monza Circuit,BOT,Mercedes,14.0,SOFT,6.0,1,1.0027,1
2021,Italian Grand Prix,Monza Circuit,HAM,Mercedes,14.0,SOFT,9.0,1,1.0,2
2021,Italian Grand Prix,Monza Circuit,VER,Red Bull Racing,22.0,MEDIUM,17.0,1,1.005,3
2021,Italian Grand Prix,Monza Circuit,RIC,McLaren,16.0,MEDIUM,12.0,1,1.0184,4
2021,Italian Grand Prix,Monza Circuit,NOR,McLaren,18.0,MEDIUM,13.0,1,1.017,5
2021,Italian Grand Prix,Monza Circuit,GAS,AlphaTauri,14.0,SOFT,7.0,1,1.0169,6
2021,Italian Grand Prix,Monza Circuit,SAI,Ferrari,10.0,MEDIUM,16.0,1,1.0346,7
2021,Italian Grand Prix,Monza Circuit,LEC,Ferrari,16.0,MEDIUM,9.0,1,1.0183,8
2021,Italian Grand Prix,Monza Circuit,PER,Red Bull Racing,18.0,SOFT,9.0,1,1.0081,9
2021,Italian Grand Prix,Monza Circuit,GIO,Alfa Romeo,14.0,SOFT,5.0,1,1.0151,10
2021,Italian Grand Prix,Monza Circuit,VET,Aston Martin,9.0,HARD,5.0,1,1.0323,11
2021,Italian Grand Prix,Monza Circuit,STR,Aston Martin,16.0,SOFT,6.0,1,1.0302,12
2021,Italian Grand Prix,Monza Circuit,ALO,Alpine,11.0,SOFT,6.0,1,1.0155,13
2021,Italian Grand Prix,Monza Circuit,OCO,Alpine,11.0,SOFT,5.0,1,1.0122,14
2021,Italian Grand Prix,Monza Circuit,RUS,Williams,11.0,MEDIUM,3.0,1,1.0221,15
2021,Italian Grand Prix,Monza Circuit,LAT,Williams,19.0,SOFT,8.0,1,1.0187,16
2021,Italian Grand Prix,Monza Circuit,TSU,AlphaTauri,12.0,MEDIUM,19.0,1,1.0261,17
2021,Italian Grand Prix,Monza Circuit,MSC,Haas F1 Team,5.0,MEDIUM,5.0,1,1.0332,18
2021,Italian Grand Prix,Monza Circuit,KUB,Alfa Romeo,16.0,SOFT,3.0,1,1.0124,19
2021,Italian Grand Prix,Monza Circuit,MAZ,Haas F1 Team,7.0,MEDIUM,7.0,1,1.0298,20
2021,Russian Grand Prix,Sochi Autodrom,NOR,McLaren,8.0,SOFT,2.0,1,1.006,1
2021,Russian Grand Prix,Sochi Autodrom,SAI,Ferrari,10.0,SOFT,2.0,1,1.0116,2
2021,Russian Grand Prix,Sochi Autodrom,RUS,Williams,7.0,SOFT,2.0,1,1.016,3
2021,Russian Grand Prix,Sochi Autodrom,HAM,Mercedes,8.0,SOFT,2.0,1,1.0005,4
2021,Russian Grand Prix,Sochi Autodrom,RIC,McLaren,9.0,SOFT,2.0,1,1.0218,5
2021,Russian Grand Prix,Sochi Autodrom,ALO,Alpine,7.0,SOFT,2.0,1,1.0125,6
2021,Russian Grand Prix,Sochi Autodrom,BOT,Mercedes,7.0,SOFT,2.0,1,1.0,7
2021,Russian Grand Prix,Sochi Autodrom,STR,Aston Martin,7.0,SOFT,2.0,1,1.0186,8
2021,Russian Grand Prix,Sochi Autodrom,PER,Red Bull Racing,8.0,SOFT,2.0,1,1.0144,9
2021,Russian Grand Prix,Sochi Autodrom,OCO,Alpine,12.0,SOFT,2.0,1,1.0086,10
2021,Russian Grand Prix,Sochi Autodrom,VET,Aston Martin,7.0,SOFT,2.0,1,1.0133,11
2021,Russian Grand Prix,Sochi Autodrom,GAS,AlphaTauri,12.0,SOFT,2.0,1,1.0027,12
2021,Russian Grand Prix,Sochi Autodrom,TSU,AlphaTauri,12.0,SOFT,2.0,1,1.0252,13
2021,Russian Grand Prix,Sochi Autodrom,LAT,Williams,7.0,SOFT,2.0,1,1.0194,14
2021,Russian Grand Prix,Sochi Autodrom,LEC,Ferrari,4.0,SOFT,4.0,1,1.0142,15
2021,Russian Grand Prix,Sochi Autodrom,RAI,Alfa Romeo,14.0,SOFT,2.0,1,1.0156,16
2021,Russian Grand Prix,Sochi Autodrom,MSC,Haas F1 Team,4.0,SOFT,4.0,1,1.0282,17
2021,Russian Grand Prix,Sochi Autodrom,GIO,Alfa Romeo,9.0,SOFT,2.0,1,1.0169,18
2021,Russian Grand Prix,Sochi Autodrom,MAZ,Haas F1 Team,7.0,SOFT,2.0,1,1.0268,19
2021,Turkish Grand Prix,Istanbul Park,HAM,Mercedes,12.0,SOFT,4.0,1,1.0,1
2021,Turkish Grand Prix,Istanbul Park,BOT,Mercedes,13.0,SOFT,5.0,1,1.0049,2
2021,Turkish Grand Prix,Istanbul Park,VER,Red Bull Racing,12.0,SOFT,5.0,1,1.0076,3
2021,Turkish Grand Prix,Istanbul Park,LEC,Ferrari,15.0,SOFT,7.0,1,1.002,4
2021,Turkish Grand Prix,Istanbul Park,GAS,AlphaTauri,15.0,SOFT,6.0,1,1.0114,5
2021,Turkish Grand Prix,Istanbul Park,ALO,Alpine,10.0,SOFT,2.0,1,1.0102,6
2021,Turkish Grand Prix,Istanbul Park,PER,Red Bull Racing,10.0,SOFT,2.0,1,1.0068,7
2021,Turkish Grand Prix,Istanbul Park,NOR,McLaren,14.0,SOFT,2.0,1,1.0086,8
2021,Turkish Grand Prix,Istanbul Park,STR,Aston Martin,8.0,SOFT,2.0,1,1.0145,9
2021,Turkish Grand Prix,Istanbul Park,TSU,AlphaTauri,13.0,SOFT,4.0,1,1.0129,10
2021,Turkish Grand Prix,Istanbul Park,VET,Aston Martin,7.0,SOFT,2.0,1,1.017,11
2021,Turkish Grand Prix,Istanbul Park,OCO,Alpine,14.0,SOFT,8.0,1,1.0104,12
2021,Turkish Grand Prix,Istanbul Park,RUS,Williams,8.0,SOFT,2.0,1,1.0185,13
2021,Turkish Grand Prix,Istanbul Park,SAI,Ferrari,8.0,SOFT,8.0,1,1.0131,14
2021,Turkish Grand Prix,Istanbul Park,MSC,Haas F1 Team,13.0,SOFT,6.0,1,1.02,15
2021,Turkish Grand Prix,Istanbul Park,RIC,McLaren,6.0,HARD,6.0,1,1.015,16
2021,Turkish Grand Prix,Istanbul Park,LAT,Williams,9.0,SOFT,5.0,1,1.0179,17
2021,Turkish Grand Prix,Istanbul Park,GIO,Alfa Romeo,13.0,SOFT,4.0,1,1.0118,18
2021,Turkish Grand Prix,Istanbul Park,RAI,Alfa Romeo,10.0,SOFT,4.0,1,1.016,19
2021,Turkish Grand Prix,Istanbul Park,MAZ,Haas F1 Team,11.0,SOFT,4.0,1,1.0226,20
2021,United States Grand Prix,Circuit of the Americas,VER,Red Bull Racing,7.0,MEDIUM,7.0,1,1.0092,1
2021,United States Grand Prix,Circuit of the Americas,HAM,Mercedes,10.0,SOFT,5.0,1,1.0038,2
2021,United States Grand Prix,Circuit of the Americas,PER,Red Bull Racing,10.0,SOFT,2.0,1,1.0,3
2021,United States Grand Prix,Circuit of the Americas,BOT,Mercedes,7.0,SOFT,2.0,1,1.0044,4
2021,United States Grand Prix,Circuit of the Americas,LEC,Ferrari,8.0,SOFT,2.0,1,1.0066,5
2021,United States Grand Prix,Circuit of the Americas,SAI,Ferrari,10.0,SOFT,2.0,1,1.0102,6
2021,United States Grand Prix,Circuit of the Americas,RIC,McLaren,7.0,SOFT,2.0,1,1.0054,7
2021,United States Grand Prix,Circuit of the Americas,NOR,McLaren,7.0,SOFT,2.0,1,1.0027,8
2021,United States Grand Prix,Circuit of the Americas,GAS,AlphaTauri,13.0,SOFT,2.0,1,1.0136,9
2021,United States Grand Prix,Circuit of the Americas,TSU,AlphaTauri,13.0,SOFT,5.0,1,1.0215,10
2021,United States Grand Prix,Circuit of the Americas,OCO,Alpine,8.0,SOFT,2.0,1,1.0128,11
2021,United States Grand Prix,Circuit of the Americas,VET,Aston Martin,4.0,MEDIUM,4.0,1,1.0187,12
2021,United States Grand Prix,Circuit of the Americas,RUS,Williams,2.0,SOFT,2.0,1,1.0268,13
2021,United States Grand Prix,Circuit of the Americas,GIO,Alfa Romeo,12.0,SOFT,2.0,1,1.0126,14
2021,United States Grand Prix,Circuit of the Americas,STR,Aston Martin,7.0,SOFT,2.0,1,1.0065,15
2021,United States Grand Prix,Circuit of the Americas,LAT,Williams,7.0,SOFT,2.0,1,1.0243,16
2021,United States Grand Prix,Circuit of the Americas,RAI,Alfa Romeo,10.0,SOFT,2.0,1,1.017,17
2021,United States Grand Prix,Circuit of the Americas,MSC,Haas F1 Team,10.0,SOFT,2.0,1,1.0221,18
2021,United States Grand Prix,Circuit of the Americas,MAZ,Haas F1 Team,12.0,SOFT,5.0,1,1.0324,19
2021,United States Grand Prix,Circuit of the Americas,ALO,Alpine,7.0,SOFT,2.0,1,1.0151,20
2021,Mexico City Grand Prix,Autódromo Hermanos Rodríguez,BOT,Mercedes,17.0,SOFT,11.0,1,1.0055,1
2021,Mexico City Grand Prix,Autódromo Hermanos Rodríguez,HAM,Mercedes,9.0,SOFT,2.0,1,1.0066,2
2021,Mexico City Grand Prix,Autódromo Hermanos Rodríguez,VER,Red Bull Racing,10.0,SOFT,2.0,1,1.0,3
2021,Mexico City Grand Prix,Autódromo Hermanos Rodríguez,PER,Red Bull Racing,13.0,SOFT,5.0,1,1.0074,4
2021,Mexico City Grand Prix,Autódromo Hermanos Rodríguez,GAS,AlphaTauri,9.0,SOFT,2.0,1,1.0146,5
2021,Mexico City Grand Prix,Autódromo Hermanos Rodríguez,RIC,McLaren,6.0,HARD,6.0,1,1.0287,6
2021,Mexico City Grand Prix,Autódromo Hermanos Rodríguez,SAI,Ferrari,16.0,SOFT,5.0,1,1.0132,7
2021,Mexico City Grand Prix,Autódromo Hermanos Rodríguez,LEC,Ferrari,12.0,SOFT,3.0,1,1.0169,8
2021,Mexico City Grand Prix,Autódromo Hermanos Rodríguez,TSU,AlphaTauri,8.0,SOFT,2.0,1,1.0174,9
2021,Mexico City Grand Prix,Autódromo Hermanos Rodríguez,VET,Aston Martin,7.0,SOFT,2.0,1,1.0179,10
2021,Mexico City Grand Prix,Autódromo Hermanos Rodríguez,RAI,Alfa Romeo,12.0,SOFT,2.0,1,1.0199,11
2021,Mexico City Grand Prix,Autódromo Hermanos Rodríguez,GIO,Alfa Romeo,17.0,SOFT,6.0,1,1.0249,12
2021,Mexico City Grand Prix,Autódromo Hermanos Rodríguez,OCO,Alpine,9.0,SOFT,4.0,1,1.0276,13
2021,Mexico City Grand Prix,Autódromo Hermanos Rodríguez,ALO,Alpine,11.0,SOFT,4.0,1,1.0185,14
2021,Mexico City Grand Prix,Autódromo Hermanos Rodríguez,LAT,Williams,4.0,MEDIUM,4.0,1,1.0455,15
2021,Mexico City Grand Prix,Autódromo Hermanos Rodríguez,MSC,Haas F1 Team,10.0,SOFT,2.0,1,1.03,16
2021,Mexico City Grand Prix,Autódromo Hermanos Rodríguez,MAZ,Haas F1 Team,7.0,MEDIUM,7.0,1,1.0554,17
2021,Mexico City Grand Prix,Autódromo Hermanos Rodríguez,STR,Aston Martin,7.0,MEDIUM,7.0,1,1.0314,18
2021,Mexico City Grand Prix,Autódromo Hermanos Rodríguez,NOR,McLaren,7.0,SOFT,7.0,1,1.0217,19
2021,São Paulo Grand Prix,Interlagos Circuit,HAM,Mercedes,20.0,SOFT,8.0,1,1.0211,1
2021,São Paulo Grand Prix,Interlagos Circuit,VER,Red Bull Racing,3.0,SOFT,6.0,1,1.0121,2
2021,São Paulo Grand Prix,Interlagos Circuit,BOT,Mercedes,22.0,SOFT,9.0,1,1.0157,3
2021,São Paulo Grand Prix,Interlagos Circuit,PER,Red Bull Racing,11.0,MEDIUM,15.0,1,1.0234,4
2021,São Paulo Grand Prix,Interlagos Circuit,GAS,AlphaTauri,13.0,SOFT,16.0,1,1.0333,5
2021,São Paulo Grand Prix,Interlagos Circuit,SAI,Ferrari,19.0,SOFT,6.0,1,1.0258,6
2021,São Paulo Grand Prix,Interlagos Circuit,LEC,Ferrari,21.0,MEDIUM,14.0,1,1.0261,7
2021,São Paulo Grand Prix,Interlagos Circuit,NOR,McLaren,13.0,MEDIUM,14.0,1,1.0329,8
2021,São Paulo Grand Prix,Interlagos Circuit,RIC,McLaren,15.0,SOFT,8.0,1,1.031,9
2021,São Paulo Grand Prix,Interlagos Circuit,ALO,Alpine,13.0,SOFT,5.0,1,1.0,10
2021,São Paulo Grand Prix,Interlagos Circuit,OCO,Alpine,12.0,SOFT,5.0,1,1.0164,11
2021,São Paulo Grand Prix,Interlagos Circuit,VET,Aston Martin,31.0,MEDIUM,10.0,1,1.0352,12
2021,São Paulo Grand Prix,Interlagos Circuit,TSU,AlphaTauri,4.0,MEDIUM,13.0,1,1.0349,13
2021,São Paulo Grand Prix,Interlagos Circuit,RAI,Alfa Romeo,19.0,SOFT,5.0,1,1.0297,14
2021,São Paulo Grand Prix,Interlagos Circuit,STR,Aston Martin,30.0,SOFT,5.0,1,1.0307,15
2021,São Paulo Grand Prix,Interlagos Circuit,LAT,Williams,14.0,MEDIUM,5.0,1,1.0391,16
2021,São Paulo Grand Prix,Interlagos Circuit,RUS,Williams,11.0,MEDIUM,3.0,1,1.0334,17
2021,São Paulo Grand Prix,Interlagos Circuit,GIO,Alfa Romeo,20.0,SOFT,5.0,1,1.0247,18
2021,São Paulo Grand Prix,Interlagos Circuit,MSC,Haas F1 Team,30.0,SOFT,5.0,1,1.0397,19
2021,São Paulo Grand Prix,Interlagos Circuit,MAZ,Haas F1 Team,20.0,SOFT,9.0,1,1.0515,20
2021,Qatar Grand Prix,Losail International Circuit,HAM,Mercedes,9.0,SOFT,2.0,1,1.0051,1
2021,Qatar Grand Prix,Losail International Circuit,VER,Red Bull Racing,12.0,SOFT,5.0,2,1.0042,2
2021,Qatar Grand Prix,Losail International Circuit,BOT,Mercedes,13.0,SOFT,5.0,1,1.0,3
2021,Qatar Grand Prix,Losail International Circuit,GAS,AlphaTauri,12.0,SOFT,5.0,1,1.0025,4
2021,Qatar Grand Prix,Losail International Circuit,ALO,Alpine,7.0,SOFT,2.0,1,1.0109,5
2021,Qatar Grand Prix,Losail International Circuit,NOR,McLaren,10.0,SOFT,2.0,1,1.0058,6
2021,Qatar Grand Prix,Losail International Circuit,SAI,Ferrari,10.0,SOFT,2.0,1,1.0106,7
2021,Qatar Grand Prix,Losail International Circuit,TSU,AlphaTauri,10.0,SOFT,2.0,1,1.0071,8
2021,Qatar Grand Prix,Losail International Circuit,OCO,Alpine,9.0,SOFT,2.0,1,1.0107,9
2021,Qatar Grand Prix,Losail International Circuit,PER,Red Bull Racing,11.0,SOFT,3.0,1,1.0077,10
2021,Qatar Grand Prix,Losail International Circuit,LEC,Ferrari,10.0,SOFT,2.0,1,1.0114,11
2021,Qatar Grand Prix,Losail International Circuit,STR,Aston Martin,9.0,SOFT,2.0,1,1.0067,12
2021,Qatar Grand Prix,Losail International Circuit,RIC,McLaren,10.0,SOFT,2.0,1,1.0119,13
2021,Qatar Grand Prix,Losail International Circuit,RUS,Williams,11.0,SOFT,4.0,1,1.0217,14
2021,Qatar Grand Prix,Losail International Circuit,VET,Aston Martin,9.0,SOFT,2.0,1,1.0105,15
2021,Qatar Grand Prix,Losail International Circuit,RAI,Alfa Romeo,16.0,SOFT,5.0,1,1.0178,16
2021,Qatar Grand Prix,Losail International Circuit,LAT,Williams,8.0,SOFT,2.0,1,1.0248,17
2021,Qatar Grand Prix,Losail International Circuit,GIO,Alfa Romeo,12.0,SOFT,2.0,1,1.0231,18
2021,Qatar Grand Prix,Losail International Circuit,MSC,Haas F1 Team,11.0,SOFT,6.0,1,1.0292,19
2021,Saudi Arabian Grand Prix,Jeddah Corniche Circuit,HAM,Mercedes,8.0,MEDIUM,8.0,1,1.0,1
2021,Saudi Arabian Grand Prix,Jeddah Corniche Circuit,BOT,Mercedes,8.0,MEDIUM,8.0,1,1.0007,2
2021,Saudi Arabian Grand Prix,Jeddah Corniche Circuit,VER,Red Bull Racing,14.0,SOFT,6.0,1,1.0022,3
2021,Saudi Arabian Grand Prix,Jeddah Corniche Circuit,LEC,Ferrari,13.0,SOFT,3.0,1,1.0085,4
2021,Saudi Arabian Grand Prix,Jeddah Corniche Circuit,GAS,AlphaTauri,15.0,SOFT,7.0,1,1.0009,5
2021,Saudi Arabian Grand Prix,Jeddah Corniche Circuit,PER,Red Bull Racing,15.0,SOFT,6.0,1,1.0084,6
2021,Saudi Arabian Grand Prix,Jeddah Corniche Circuit,NOR,McLaren,9.0,SOFT,9.0,2,1.0111,7
2021,Saudi Arabian Grand Prix,Jeddah Corniche Circuit,TSU,AlphaTauri,7.0,HARD,7.0,1,1.0065,8
2021,Saudi Arabian Grand Prix,Jeddah Corniche Circuit,OCO,Alpine,14.0,SOFT,6.0,1,1.006,9
2021,Saudi Arabian Grand Prix,Jeddah Corniche Circuit,RIC,McLaren,8.0,HARD,8.0,1,1.0107,10
2021,Saudi Arabian Grand Prix,Jeddah Corniche Circuit,GIO,Alfa Romeo,15.0,SOFT,6.0,1,1.0123,11
2021,Saudi Arabian Grand Prix,Jeddah Corniche Circuit,RAI,Alfa Romeo,17.0,SOFT,8.0,1,1.0141,12
2021,Saudi Arabian Grand Prix,Jeddah Corniche Circuit,ALO,Alpine,11.0,SOFT,4.0,1,1.0048,13
2021,Saudi Arabian Grand Prix,Jeddah Corniche Circuit,RUS,Williams,10.0,SOFT,4.0,1,1.0167,14
2021,Saudi Arabian Grand Prix,Jeddah Corniche Circuit,LAT,Williams,4.0,MEDIUM,4.0,1,1.0227,15
2021,Saudi Arabian Grand Prix,Jeddah Corniche Circuit,VET,Aston Martin,11.0,SOFT,4.0,1,1.0167,16
2021,Saudi Arabian Grand Prix,Jeddah Corniche Circuit,STR,Aston Martin,6.0,MEDIUM,6.0,1,1.016,17
2021,Saudi Arabian Grand Prix,Jeddah Corniche Circuit,MSC,Haas F1 Team,7.0,SOFT,2.0,1,1.0184,18
2021,Saudi Arabian Grand Prix,Jeddah Corniche Circuit,MAZ,Haas F1 Team,11.0,SOFT,6.0,1,1.0293,19
2021,Saudi Arabian Grand Prix,Jeddah Corniche Circuit,SAI,Ferrari,17.0,SOFT,7.0,1,1.0064,20
2021,Abu Dhabi Grand Prix,Yas Marina Circuit,VER,Red Bull Racing,9.0,SOFT,2.0,1,1.0077,1
2021,Abu Dhabi Grand Prix,Yas Marina Circuit,HAM,Mercedes,13.0,SOFT,6.0,1,1.0,2
2021,Abu Dhabi Grand Prix,Yas Marina Circuit,NOR,McLaren,2.0,SOFT,2.0,1,1.0175,3
2021,Abu Dhabi Grand Prix,Yas Marina Circuit,PER,Red Bull Racing,13.0,SOFT,5.0,1,1.0085,4
2021,Abu Dhabi Grand Prix,Yas Marina Circuit,SAI,Ferrari,12.0,SOFT,4.0,1,1.0138,5
2021,Abu Dhabi Grand Prix,Yas Marina Circuit,BOT,Mercedes,10.0,SOFT,2.0,1,1.0047,6
2021,Abu Dhabi Grand Prix,Yas Marina Circuit,LEC,Ferrari,10.0,SOFT,3.0,1,1.0103,7
2021,Abu Dhabi Grand Prix,Yas Marina Circuit,TSU,AlphaTauri,11.0,SOFT,5.0,1,1.01,8
2021,Abu Dhabi Grand Prix,Yas Marina Circuit,OCO,Alpine,12.0,SOFT,5.0,1,1.0041,9
2021,Abu Dhabi Grand Prix,Yas Marina Circuit,RIC,McLaren,8.0,SOFT,8.0,1,1.0152,10
2021,Abu Dhabi Grand Prix,Yas Marina Circuit,ALO,Alpine,9.0,SOFT,4.0,1,1.0096,11
2021,Abu Dhabi Grand Prix,Yas Marina Circuit,GAS,AlphaTauri,13.0,SOFT,5.0,1,1.0149,12
2021,Abu Dhabi Grand Prix,Yas Marina Circuit,STR,Aston Martin,7.0,SOFT,2.0,1,1.0202,13
2021,Abu Dhabi Grand Prix,Yas Marina Circuit,GIO,Alfa Romeo,16.0,SOFT,6.0,1,1.0169,14
2021,Abu Dhabi Grand Prix,Yas Marina Circuit,VET,Aston Martin,10.0,SOFT,3.0,1,1.018,15
2021,Abu Dhabi Grand Prix,Yas Marina Circuit,LAT,Williams,10.0,SOFT,4.0,1,1.0238,16
2021,Abu Dhabi Grand Prix,Yas Marina Circuit,RUS,Williams,11.0,SOFT,4.0,1,1.0222,17
2021,Abu Dhabi Grand Prix,Yas Marina Circuit,RAI,Alfa Romeo,11.0,SOFT,2.0,1,1.0209,18
2021,Abu Dhabi Grand Prix,Yas Marina Circuit,MSC,Haas F1 Team,10.0,SOFT,3.0,1,1.025,19
2021,Abu Dhabi Grand Prix,Yas Marina Circuit,MAZ,Haas F1 Team,10.0,SOFT,4.0,1,1.0316,20
2022,Bahrain Grand Prix,Bahrain International Circuit,LEC,Ferrari,11.0,SOFT,5.0,1,1.0009,1
2022,Bahrain Grand Prix,Bahrain International Circuit,VER,Red Bull Racing,7.0,SOFT,2.0,1,1.0,2
2022,Bahrain Grand Prix,Bahrain International Circuit,SAI,Ferrari,13.0,SOFT,2.0,1,1.0064,3
2022,Bahrain Grand Prix,Bahrain International Circuit,PER,Red Bull Racing,6.0,SOFT,2.0,1,1.0111,4
2022,Bahrain Grand Prix,Bahrain International Circuit,HAM,Mercedes,9.0,SOFT,4.0,1,1.0131,5
2022,Bahrain Grand Prix,Bahrain International Circuit,BOT,Alfa Romeo,13.0,SOFT,2.0,1,1.011,6
2022,Bahrain Grand Prix,Bahrain International Circuit,OCO,Alpine,7.0,SOFT,2.0,1,1.0155,7
2022,Bahrain Grand Prix,Bahrain International Circuit,MAG,Haas F1 Team,8.0,SOFT,2.0,1,1.0136,8
2022,Bahrain Grand Prix,Bahrain International Circuit,MSC,Haas F1 Team,12.0,SOFT,4.0,1,1.0125,9
2022,Bahrain Grand Prix,Bahrain International Circuit,NOR,McLaren,9.0,SOFT,3.0,1,1.0146,10
2022,Bahrain Grand Prix,Bahrain International Circuit,ALO,Alpine,7.0,SOFT,2.0,1,1.0102,11
2022,Bahrain Grand Prix,Bahrain International Circuit,RUS,Mercedes,10.0,SOFT,2.0,1,1.0065,12
2022,Bahrain Grand Prix,Bahrain International Circuit,GAS,AlphaTauri,9.0,SOFT,2.0,1,1.0183,13
2022,Bahrain Grand Prix,Bahrain International Circuit,ALB,Williams,10.0,SOFT,2.0,1,1.0304,14
2022,Bahrain Grand Prix,Bahrain International Circuit,TSU,AlphaTauri,13.0,SOFT,5.0,1,1.0202,15
2022,Bahrain Grand Prix,Bahrain International Circuit,HUL,Aston Martin,7.0,SOFT,2.0,1,1.0231,16
2022,Bahrain Grand Prix,Bahrain International Circuit,RIC,McLaren,10.0,SOFT,2.0,1,1.0243,17
2022,Bahrain Grand Prix,Bahrain International Circuit,STR,Aston Martin,8.0,SOFT,2.0,1,1.022,18
2022,Bahrain Grand Prix,Bahrain International Circuit,ZHO,Alfa Romeo,11.0,SOFT,2.0,1,1.0219,19
2022,Bahrain Grand Prix,Bahrain International Circuit,LAT,Williams,8.0,SOFT,2.0,1,1.0277,20
2022,Saudi Arabian Grand Prix,Jeddah Corniche Circuit,PER,Red Bull Racing,6.0,MEDIUM,6.0,1,1.0032,1
2022,Saudi Arabian Grand Prix,Jeddah Corniche Circuit,LEC,Ferrari,10.0,SOFT,3.0,1,1.0,2
2022,Saudi Arabian Grand Prix,Jeddah Corniche Circuit,SAI,Ferrari,6.0,MEDIUM,6.0,1,1.0027,3
2022,Saudi Arabian Grand Prix,Jeddah Corniche Circuit,VER,Red Bull Racing,6.0,MEDIUM,6.0,1,1.0016,4
2022,Saudi Arabian Grand Prix,Jeddah Corniche Circuit,OCO,Alpine,11.0,SOFT,6.0,2,1.0076,5
2022,Saudi Arabian Grand Prix,Jeddah Corniche Circuit,RUS,Mercedes,10.0,SOFT,4.0,1,1.0066,6
2022,Saudi Arabian Grand Prix,Jeddah Corniche Circuit,ALO,Alpine,9.0,SOFT,2.0,1,1.0097,7
2022,Saudi Arabian Grand Prix,Jeddah Corniche Circuit,BOT,Alfa Romeo,10.0,SOFT,2.0,1,1.0084,8
2022,Saudi Arabian Grand Prix,Jeddah Corniche Circuit,GAS,AlphaTauri,14.0,SOFT,5.0,2,1.0099,9
2022,Saudi Arabian Grand Prix,Jeddah Corniche Circuit,MAG,Haas F1 Team,8.0,MEDIUM,8.0,1,1.0252,10
2022,Saudi Arabian Grand Prix,Jeddah Corniche Circuit,NOR,McLaren,8.0,SOFT,3.0,1,1.0073,11
2022,Saudi Arabian Grand Prix,Jeddah Corniche Circuit,RIC,McLaren,6.0,MEDIUM,6.0,1,1.0161,12
2022,Saudi Arabian Grand Prix,Jeddah Corniche Circuit,ZHO,Alfa Romeo,13.0,SOFT,4.0,1,1.0171,13
2022,Saudi Arabian Grand Prix,Jeddah Corniche Circuit,MSC,Haas F1 Team,13.0,SOFT,6.0,2,1.0122,14
2022,Saudi Arabian Grand Prix,Jeddah Corniche Circuit,HAM,Mercedes,10.0,SOFT,5.0,1,1.0049,15
2022,Saudi Arabian Grand Prix,Jeddah Corniche Circuit,ALB,Williams,9.0,SOFT,2.0,1,1.0199,16
2022,Saudi Arabian Grand Prix,Jeddah Corniche Circuit,HUL,Aston Martin,8.0,SOFT,2.0,1,1.0171,17
2022,Saudi Arabian Grand Prix,Jeddah Corniche Circuit,STR,Aston Martin,7.0,SOFT,2.0,1,1.0144,18
2022,Saudi Arabian Grand Prix,Jeddah Corniche Circuit,LAT,Williams,9.0,SOFT,2.0,1,1.0193,19
2022,Australian Grand Prix,Albert Park Circuit,LEC,Ferrari,16.0,SOFT,9.0,1,1.0,1
2022,Australian Grand Prix,Albert Park Circuit,VER,Red Bull Racing,13.0,SOFT,8.0,1,1.0031,2
2022,Australian Grand Prix,Albert Park Circuit,PER,Red Bull Racing,10.0,SOFT,5.0,1,1.0086,3
2022,Australian Grand Prix,Albert Park Circuit,NOR,McLaren,9.0,SOFT,3.0,1,1.0142,4
2022,Australian Grand Prix,Albert Park Circuit,ALO,Alpine,8.0,SOFT,2.0,1,1.0071,5
2022,Australian Grand Prix,Albert Park Circuit,HAM,Mercedes,10.0,SOFT,3.0,2,1.0195,6
2022,Australian Grand Prix,Albert Park Circuit,RUS,Mercedes,13.0,SOFT,7.0,1,1.0156,7
2022,Australian Grand Prix,Albert Park Circuit,RIC,McLaren,11.0,SOFT,2.0,1,1.0155,8
2022,Australian Grand Prix,Albert Park Circuit,OCO,Alpine,13.0,SOFT,6.0,1,1.0109,9
2022,Australian Grand Prix,Albert Park Circuit,GAS,AlphaTauri,14.0,SOFT,6.0,1,1.0147,10
2022,Australian Grand Prix,Albert Park Circuit,BOT,Alfa Romeo,15.0,SOFT,7.0,1,1.0136,11
2022,Australian Grand Prix,Albert Park Circuit,SAI,Ferrari,13.0,SOFT,6.0,1,1.005,12
2022,Australian Grand Prix,Albert Park Circuit,TSU,AlphaTauri,15.0,SOFT,7.0,1,1.0183,13
2022,Australian Grand Prix,Albert Park Circuit,ALB,Williams,9.0,SOFT,2.0,1,1.0371,14
2022,Australian Grand Prix,Albert Park Circuit,ZHO,Alfa Romeo,15.0,SOFT,7.0,1,1.0264,15
2022,Australian Grand Prix,Albert Park Circuit,MAG,Haas F1 Team,12.0,SOFT,4.0,1,1.028,16
2022,Australian Grand Prix,Albert Park Circuit,MSC,Haas F1 Team,12.0,SOFT,6.0,1,1.0379,17
2022,Australian Grand Prix,Albert Park Circuit,LAT,Williams,9.0,SOFT,2.0,1,1.0422,18
2022,Emilia Romagna Grand Prix,Imola Circuit,SAI,Ferrari,25.0,MEDIUM,11.0,1,1.0101,1
2022,Emilia Romagna Grand Prix,Imola Circuit,TSU,AlphaTauri,20.0,SOFT,4.0,1,1.0116,2
2022,Emilia Romagna Grand Prix,Imola Circuit,GAS,AlphaTauri,31.0,MEDIUM,13.0,1,1.0124,3
2022,Emilia Romagna Grand Prix,Imola Circuit,RUS,Mercedes,13.0,SOFT,5.0,1,1.0,4
2022,Emilia Romagna Grand Prix,Imola Circuit,MSC,Haas F1 Team,26.0,MEDIUM,12.0,1,1.0191,5
2022,Emilia Romagna Grand Prix,Imola Circuit,HAM,Mercedes,14.0,SOFT,2.0,1,1.0067,6
2022,Emilia Romagna Grand Prix,Imola Circuit,ZHO,Alfa Romeo,23.0,SOFT,15.0,1,1.0131,7
2022,Emilia Romagna Grand Prix,Imola Circuit,LAT,Williams,20.0,MEDIUM,11.0,1,1.0227,8
2022,Emilia Romagna Grand Prix,Imola Circuit,OCO,Alpine,18.0,SOFT,5.0,1,1.0217,9
2022,Emilia Romagna Grand Prix,Imola Circuit,VER,Red Bull Racing,17.0,MEDIUM,4.0,1,1.0115,10
2022,Emilia Romagna Grand Prix,Imola Circuit,STR,Aston Martin,31.0,MEDIUM,2.0,1,1.0213,11
2022,Emilia Romagna Grand Prix,Imola Circuit,LEC,Ferrari,21.0,SOFT,3.0,1,1.0036,12
2022,Emilia Romagna Grand Prix,Imola Circuit,NOR,McLaren,2.0,SOFT,4.0,1,1.0549,13
2022,Emilia Romagna Grand Prix,Imola Circuit,MAG,Haas F1 Team,17.0,SOFT,6.0,1,1.0161,14
2022,Emilia Romagna Grand Prix,Imola Circuit,ALO,Alpine,15.0,SOFT,5.0,1,1.009,15
2022,Emilia Romagna Grand Prix,Imola Circuit,PER,Red Bull Racing,23.0,MEDIUM,4.0,1,1.001,16
2022,Emilia Romagna Grand Prix,Imola Circuit,VET,Aston Martin,24.0,SOFT,10.0,1,1.0214,17
2022,Miami Grand Prix,Miami International Autodrome,LEC,Ferrari,8.0,SOFT,2.0,2,1.0012,1
2022,Miami Grand Prix,Miami International Autodrome,SAI,Ferrari,6.0,MEDIUM,6.0,2,1.0114,2
2022,Miami Grand Prix,Miami International Autodrome,PER,Red Bull Racing,9.0,SOFT,4.0,1,1.0024,3
2022,Miami Grand Prix,Miami International Autodrome,HAM,Mercedes,6.0,SOFT,2.0,2,1.0027,4
2022,Miami Grand Prix,Miami International Autodrome,GAS,AlphaTauri,8.0,SOFT,2.0,2,1.0068,5
2022,Miami Grand Prix,Miami International Autodrome,NOR,McLaren,11.0,SOFT,4.0,1,1.0066,6
2022,Miami Grand Prix,Miami International Autodrome,TSU,AlphaTauri,15.0,SOFT,9.0,1,1.0147,7
2022,Miami Grand Prix,Miami International Autodrome,ALO,Alpine,9.0,SOFT,4.0,1,1.0048,8
2022,Miami Grand Prix,Miami International Autodrome,RUS,Mercedes,7.0,SOFT,3.0,1,1.0,9
2022,Miami Grand Prix,Miami International Autodrome,VET,Aston Martin,10.0,SOFT,2.0,2,1.0162,10
2022,Miami Grand Prix,Miami International Autodrome,RIC,McLaren,11.0,SOFT,2.0,2,1.0141,11
2022,Miami Grand Prix,Miami International Autodrome,MSC,Haas F1 Team,12.0,SOFT,8.0,1,1.0183,12
2022,Miami Grand Prix,Miami International Autodrome,STR,Aston Martin,12.0,SOFT,4.0,1,1.0188,13
2022,Miami Grand Prix,Miami International Autodrome,MAG,Haas F1 Team,7.0,SOFT,4.0,1,1.0109,14
2022,Miami Grand Prix,Miami International Autodrome,ZHO,Alfa Romeo,14.0,SOFT,5.0,1,1.0103,15
2022,Miami Grand Prix,Miami International Autodrome,ALB,Williams,12.0,SOFT,5.0,1,1.0197,16
2022,Miami Grand Prix,Miami International Autodrome,LAT,Williams,11.0,SOFT,4.0,1,1.0331,17
2022,Spanish Grand Prix,Circuit de Barcelona-Catalunya,LEC,Ferrari,10.0,SOFT,2.0,1,1.0,1
2022,Spanish Grand Prix,Circuit de Barcelona-Catalunya,VER,Red Bull Racing,7.0,SOFT,2.0,1,1.0042,2
2022,Spanish Grand Prix,Circuit de Barcelona-Catalunya,SAI,Ferrari,11.0,SOFT,2.0,1,1.004,3
2022,Spanish Grand Prix,Circuit de Barcelona-Catalunya,RUS,Mercedes,11.0,SOFT,2.0,1,1.0015,4
2022,Spanish Grand Prix,Circuit de Barcelona-Catalunya,PER,Red Bull Racing,12.0,SOFT,5.0,1,1.0121,5
2022,Spanish Grand Prix,Circuit de Barcelona-Catalunya,HAM,Mercedes,10.0,SOFT,2.0,1,1.0026,6
2022,Spanish Grand Prix,Circuit de Barcelona-Catalunya,BOT,Alfa Romeo,2.0,MEDIUM,2.0,1,1.0271,7
2022,Spanish Grand Prix,Circuit de Barcelona-Catalunya,MAG,Haas F1 Team,8.0,SOFT,2.0,1,1.0169,8
2022,Spanish Grand Prix,Circuit de Barcelona-Catalunya,RIC,McLaren,11.0,SOFT,2.0,1,1.0215,9
2022,Spanish Grand Prix,Circuit de Barcelona-Catalunya,MSC,Haas F1 Team,9.0,SOFT,2.0,1,1.0136,10
2022,Spanish Grand Prix,Circuit de Barcelona-Catalunya,NOR,McLaren,5.0,MEDIUM,5.0,1,1.0467,11
2022,Spanish Grand Prix,Circuit de Barcelona-Catalunya,TSU,AlphaTauri,9.0,SOFT,3.0,1,1.0203,12
2022,Spanish Grand Prix,Circuit de Barcelona-Catalunya,OCO,Alpine,8.0,SOFT,2.0,1,1.0135,13
2022,Spanish Grand Prix,Circuit de Barcelona-Catalunya,GAS,AlphaTauri,10.0,SOFT,2.0,1,1.0157,14
2022,Spanish Grand Prix,Circuit de Barcelona-Catalunya,VET,Aston Martin,9.0,SOFT,2.0,1,1.013,15
2022,Spanish Grand Prix,Circuit de Barcelona-Catalunya,ALO,Alpine,9.0,SOFT,2.0,1,1.0067,16
2022,Spanish Grand Prix,Circuit de Barcelona-Catalunya,ZHO,Alfa Romeo,13.0,SOFT,2.0,1,1.0276,17
2022,Spanish Grand Prix,Circuit de Barcelona-Catalunya,STR,Aston Martin,9.0,SOFT,2.0,1,1.0198,18
2022,Spanish Grand Prix,Circuit de Barcelona-Catalunya,ALB,Williams,12.0,SOFT,2.0,1,1.0332,19
2022,Spanish Grand Prix,Circuit de Barcelona-Catalunya,LAT,Williams,10.0,SOFT,4.0,1,1.0443,20
2022,Monaco Grand Prix,Circuit de Monaco,LEC,Ferrari,15.0,SOFT,6.0,1,1.0,1
2022,Monaco Grand Prix,Circuit de Monaco,SAI,Ferrari,21.0,SOFT,11.0,1,1.0006,2
2022,Monaco Grand Prix,Circuit de Monaco,PER,Red Bull Racing,17.0,SOFT,8.0,2,1.0052,3
2022,Monaco Grand Prix,Circuit de Monaco,VER,Red Bull Racing,15.0,SOFT,5.0,1,1.0062,4
2022,Monaco Grand Prix,Circuit de Monaco,NOR,McLaren,13.0,SOFT,4.0,1,1.0088,5
2022,Monaco Grand Prix,Circuit de Monaco,RUS,Mercedes,16.0,SOFT,7.0,1,1.0103,6
2022,Monaco Grand Prix,Circuit de Monaco,ALO,Alpine,10.0,SOFT,2.0,1,1.0173,7
2022,Monaco Grand Prix,Circuit de Monaco,HAM,Mercedes,11.0,SOFT,2.0,1,1.0222,8
2022,Monaco Grand Prix,Circuit de Monaco,VET,Aston Martin,13.0,SOFT,5.0,1,1.0193,9
2022,Monaco Grand Prix,Circuit de Monaco,TSU,AlphaTauri,17.0,SOFT,12.0,1,1.0203,10
2022,Monaco Grand Prix,Circuit de Monaco,BOT,Alfa Romeo,17.0,SOFT,3.0,1,1.0249,11
2022,Monaco Grand Prix,Circuit de Monaco,MAG,Haas F1 Team,11.0,SOFT,2.0,1,1.0218,12
2022,Monaco Grand Prix,Circuit de Monaco,OCO,Alpine,16.0,SOFT,7.0,1,1.0352,13
2022,Monaco Grand Prix,Circuit de Monaco,MSC,Haas F1 Team,14.0,SOFT,4.0,1,1.0308,14
2022,Monaco Grand Prix,Circuit de Monaco,ALB,Williams,17.0,SOFT,7.0,1,1.0252,15
2022,Monaco Grand Prix,Circuit de Monaco,GAS,AlphaTauri,16.0,SOFT,2.0,2,1.0135,16
2022,Monaco Grand Prix,Circuit de Monaco,STR,Aston Martin,11.0,SOFT,5.0,1,1.0271,17
2022,Monaco Grand Prix,Circuit de Monaco,LAT,Williams,12.0,SOFT,2.0,1,1.0498,18
2022,Monaco Grand Prix,Circuit de Monaco,ZHO,Alfa Romeo,14.0,SOFT,5.0,1,1.0257,19
2022,Azerbaijan Grand Prix,Baku City Circuit,LEC,Ferrari,11.0,SOFT,3.0,1,1.0,1
2022,Azerbaijan Grand Prix,Baku City Circuit,PER,Red Bull Racing,10.0,SOFT,2.0,1,1.0024,2
2022,Azerbaijan Grand Prix,Baku City Circuit,VER,Red Bull Racing,11.0,SOFT,4.0,1,1.0034,3
2022,Azerbaijan Grand Prix,Baku City Circuit,SAI,Ferrari,7.0,MEDIUM,7.0,1,1.0102,4
2022,Azerbaijan Grand Prix,Baku City Circuit,RUS,Mercedes,10.0,SOFT,2.0,1,1.0128,5
2022,Azerbaijan Grand Prix,Baku City Circuit,GAS,AlphaTauri,13.0,SOFT,4.0,2,1.0106,6
2022,Azerbaijan Grand Prix,Baku City Circuit,HAM,Mercedes,9.0,SOFT,2.0,1,1.016,7
2022,Azerbaijan Grand Prix,Baku City Circuit,TSU,AlphaTauri,9.0,SOFT,2.0,1,1.013,8
2022,Azerbaijan Grand Prix,Baku City Circuit,VET,Aston Martin,12.0,SOFT,4.0,2,1.0151,9
2022,Azerbaijan Grand Prix,Baku City Circuit,ALO,Alpine,9.0,SOFT,4.0,1,1.0089,10
2022,Azerbaijan Grand Prix,Baku City Circuit,NOR,McLaren,9.0,SOFT,2.0,1,1.015,11
2022,Azerbaijan Grand Prix,Baku City Circuit,RIC,McLaren,11.0,SOFT,2.0,1,1.0178,12
2022,Azerbaijan Grand Prix,Baku City Circuit,OCO,Alpine,11.0,SOFT,4.0,1,1.0134,13
2022,Azerbaijan Grand Prix,Baku City Circuit,ZHO,Alfa Romeo,13.0,SOFT,5.0,2,1.0198,14
2022,Azerbaijan Grand Prix,Baku City Circuit,BOT,Alfa Romeo,14.0,SOFT,5.0,2,1.0183,15
2022,Azerbaijan Grand Prix,Baku City Circuit,MAG,Haas F1 Team,10.0,SOFT,2.0,1,1.0229,16
2022,Azerbaijan Grand Prix,Baku City Circuit,ALB,Williams,11.0,SOFT,4.0,1,1.0307,17
2022,Azerbaijan Grand Prix,Baku City Circuit,LAT,Williams,12.0,SOFT,4.0,1,1.0387,18
2022,Azerbaijan Grand Prix,Baku City Circuit,STR,Aston Martin,11.0,SOFT,3.0,2,1.016,19
2022,Azerbaijan Grand Prix,Baku City Circuit,MSC,Haas F1 Team,16.0,SOFT,6.0,1,1.031,20
2022,Canadian Grand Prix,Circuit Gilles Villeneuve,VER,Red Bull Racing,11.0,SOFT,2.0,1,1.0,1
2022,Canadian Grand Prix,Circuit Gilles Villeneuve,ALO,Alpine,11.0,SOFT,4.0,1,1.0056,2
2022,Canadian Grand Prix,Circuit Gilles Villeneuve,SAI,Ferrari,12.0,SOFT,2.0,1,1.003,3
2022,Canadian Grand Prix,Circuit Gilles Villeneuve,HAM,Mercedes,10.0,SOFT,4.0,1,1.0175,4
2022,Canadian Grand Prix,Circuit Gilles Villeneuve,MAG,Haas F1 Team,15.0,SOFT,2.0,1,1.0185,5
2022,Canadian Grand Prix,Circuit Gilles Villeneuve,MSC,Haas F1 Team,15.0,SOFT,2.0,1,1.0187,6
2022,Canadian Grand Prix,Circuit Gilles Villeneuve,OCO,Alpine,13.0,SOFT,4.0,1,1.0134,7
2022,Canadian Grand Prix,Circuit Gilles Villeneuve,RUS,Mercedes,11.0,SOFT,4.0,1,1.0114,8
2022,Canadian Grand Prix,Circuit Gilles Villeneuve,RIC,McLaren,13.0,SOFT,2.0,1,1.0122,9
2022,Canadian Grand Prix,Circuit Gilles Villeneuve,ZHO,Alfa Romeo,16.0,SOFT,5.0,1,1.0189,10
2022,Canadian Grand Prix,Circuit Gilles Villeneuve,ALB,Williams,14.0,SOFT,7.0,1,1.0276,11
2022,Canadian Grand Prix,Circuit Gilles Villeneuve,LEC,Ferrari,12.0,SOFT,2.0,1,1.0011,12
2022,Canadian Grand Prix,Circuit Gilles Villeneuve,PER,Red Bull Racing,11.0,SOFT,2.0,1,1.014,13
2022,Canadian Grand Prix,Circuit Gilles Villeneuve,NOR,McLaren,12.0,SOFT,3.0,1,1.0116,14
2022,Canadian Grand Prix,Circuit Gilles Villeneuve,GAS,AlphaTauri,16.0,SOFT,5.0,1,1.0101,15
2022,Canadian Grand Prix,Circuit Gilles Villeneuve,VET,Aston Martin,18.0,SOFT,3.0,1,1.0042,16
2022,Canadian Grand Prix,Circuit Gilles Villeneuve,STR,Aston Martin,15.0,SOFT,2.0,1,1.0171,17
2022,Canadian Grand Prix,Circuit Gilles Villeneuve,LAT,Williams,9.0,SOFT,2.0,1,1.0321,18
2022,Canadian Grand Prix,Circuit Gilles Villeneuve,TSU,AlphaTauri,14.0,SOFT,6.0,1,1.0194,19
2022,British Grand Prix,Silverstone Circuit,SAI,Ferrari,16.0,SOFT,5.0,1,1.0,1
2022,British Grand Prix,Silverstone Circuit,VER,Red Bull Racing,10.0,SOFT,2.0,1,1.0023,2
2022,British Grand Prix,Silverstone Circuit,LEC,Ferrari,14.0,SOFT,5.0,1,1.0052,3
2022,British Grand Prix,Silverstone Circuit,PER,Red Bull Racing,12.0,SOFT,2.0,1,1.0091,4
2022,British Grand Prix,Silverstone Circuit,HAM,Mercedes,12.0,SOFT,3.0,1,1.0018,5
2022,British Grand Prix,Silverstone Circuit,ALB,Williams,13.0,SOFT,4.0,1,1.0149,6
2022,British Grand Prix,Silverstone Circuit,NOR,McLaren,12.0,SOFT,2.0,1,1.002,7
2022,British Grand Prix,Silverstone Circuit,ALO,Alpine,11.0,SOFT,2.0,1,1.0085,8
2022,British Grand Prix,Silverstone Circuit,MAG,Haas F1 Team,14.0,SOFT,5.0,1,1.0173,9
2022,British Grand Prix,Silverstone Circuit,RUS,Mercedes,12.0,SOFT,4.0,1,1.0096,10
2022,British Grand Prix,Silverstone Circuit,VET,Aston Martin,17.0,SOFT,7.0,1,1.0125,11
2022,British Grand Prix,Silverstone Circuit,MSC,Haas F1 Team,15.0,SOFT,6.0,1,1.0187,12
2022,British Grand Prix,Silverstone Circuit,ZHO,Alfa Romeo,15.0,SOFT,8.0,1,1.0149,13
2022,British Grand Prix,Silverstone Circuit,STR,Aston Martin,16.0,SOFT,6.0,1,1.0112,14
2022,British Grand Prix,Silverstone Circuit,GAS,AlphaTauri,18.0,SOFT,6.0,1,1.0176,15
2022,British Grand Prix,Silverstone Circuit,BOT,Alfa Romeo,16.0,SOFT,9.0,1,1.0119,16
2022,British Grand Prix,Silverstone Circuit,TSU,AlphaTauri,13.0,SOFT,2.0,1,1.0157,17
2022,British Grand Prix,Silverstone Circuit,RIC,McLaren,13.0,SOFT,3.0,1,1.0108,18
2022,British Grand Prix,Silverstone Circuit,OCO,Alpine,9.0,SOFT,2.0,1,1.0146,19
2022,British Grand Prix,Silverstone Circuit,LAT,Williams,12.0,SOFT,4.0,1,1.0268,20
2022,Austrian Grand Prix,Red Bull Ring,VER,Red Bull Racing,20.0,MEDIUM,25.0,1,1.0024,1
2022,Austrian Grand Prix,Red Bull Ring,LEC,Ferrari,25.0,SOFT,9.0,1,1.0007,2
2022,Austrian Grand Prix,Red Bull Ring,SAI,Ferrari,28.0,SOFT,12.0,1,1.0,3
2022,Austrian Grand Prix,Red Bull Ring,PER,Red Bull Racing,13.0,MEDIUM,16.0,1,1.0083,4
2022,Austrian Grand Prix,Red Bull Ring,RUS,Mercedes,6.0,SOFT,11.0,1,1.0092,5
2022,Austrian Grand Prix,Red Bull Ring,OCO,Alpine,8.0,MEDIUM,7.0,1,1.0035,6
2022,Austrian Grand Prix,Red Bull Ring,MAG,Haas F1 Team,22.0,SOFT,14.0,1,1.0197,7
2022,Austrian Grand Prix,Red Bull Ring,MSC,Haas F1 Team,30.0,SOFT,23.0,1,1.0159,8
2022,Austrian Grand Prix,Red Bull Ring,ALO,Alpine,11.0,MEDIUM,10.0,1,1.0032,9
2022,Austrian Grand Prix,Red Bull Ring,GAS,AlphaTauri,21.0,SOFT,9.0,1,1.0141,10
2022,Austrian Grand Prix,Red Bull Ring,ALB,Williams,19.0,MEDIUM,7.0,1,1.0165,11
2022,Austrian Grand Prix,Red Bull Ring,BOT,Alfa Romeo,16.0,SOFT,5.0,1,1.0093,12
2022,Austrian Grand Prix,Red Bull Ring,RIC,McLaren,21.0,MEDIUM,12.0,1,1.0181,13
2022,Austrian Grand Prix,Red Bull Ring,TSU,AlphaTauri,21.0,MEDIUM,10.0,1,1.0203,14
2022,Austrian Grand Prix,Red Bull Ring,STR,Aston Martin,26.0,SOFT,2.0,1,1.0133,15
2022,Austrian Grand Prix,Red Bull Ring,ZHO,Alfa Romeo,15.0,SOFT,5.0,1,1.0154,16
2022,Austrian Grand Prix,Red Bull Ring,LAT,Williams,21.0,MEDIUM,5.0,1,1.0241,17
2022,Austrian Grand Prix,Red Bull Ring,VET,Aston Martin,26.0,SOFT,2.0,1,1.0145,18
2022,Austrian Grand Prix,Red Bull Ring,HAM,Mercedes,2.0,SOFT,5.0,1,1.0108,19
2022,Austrian Grand Prix,Red Bull Ring,NOR,McLaren,21.0,MEDIUM,4.0,1,1.0132,20
2022,French Grand Prix,Circuit Paul Ricard,LEC,Ferrari,9.0,SOFT,5.0,1,1.0011,1
2022,French Grand Prix,Circuit Paul Ricard,SAI,Ferrari,6.0,SOFT,6.0,1,1.0,2
2022,French Grand Prix,Circuit Paul Ricard,VER,Red Bull Racing,5.0,SOFT,2.0,1,1.0059,3
2022,French Grand Prix,Circuit Paul Ricard,PER,Red Bull Racing,8.0,SOFT,2.0,1,1.0166,4
2022,French Grand Prix,Circuit Paul Ricard,HAM,Mercedes,11.0,SOFT,2.0,1,1.0107,5
2022,French Grand Prix,Circuit Paul Ricard,NOR,McLaren,11.0,SOFT,3.0,1,1.0117,6
2022,French Grand Prix,Circuit Paul Ricard,RUS,Mercedes,10.0,SOFT,2.0,1,1.0083,7
2022,French Grand Prix,Circuit Paul Ricard,ALO,Alpine,9.0,SOFT,2.0,1,1.0187,8
2022,French Grand Prix,Circuit Paul Ricard,MAG,Haas F1 Team,10.0,SOFT,2.0,1,1.0151,9
2022,French Grand Prix,Circuit Paul Ricard,TSU,AlphaTauri,12.0,SOFT,3.0,1,1.0218,10
2022,French Grand Prix,Circuit Paul Ricard,RIC,McLaren,10.0,SOFT,2.0,1,1.0157,11
2022,French Grand Prix,Circuit Paul Ricard,OCO,Alpine,9.0,SOFT,2.0,1,1.0231,12
2022,French Grand Prix,Circuit Paul Ricard,BOT,Alfa Romeo,13.0,SOFT,2.0,1,1.0188,13
2022,French Grand Prix,Circuit Paul Ricard,VET,Aston Martin,13.0,SOFT,5.0,1,1.0205,14
2022,French Grand Prix,Circuit Paul Ricard,ALB,Williams,9.0,SOFT,3.0,1,1.023,15
2022,French Grand Prix,Circuit Paul Ricard,GAS,AlphaTauri,14.0,SOFT,5.0,1,1.0149,16
2022,French Grand Prix,Circuit Paul Ricard,STR,Aston Martin,9.0,SOFT,2.0,1,1.0224,17
2022,French Grand Prix,Circuit Paul Ricard,ZHO,Alfa Romeo,12.0,SOFT,2.0,1,1.023,18
2022,French Grand Prix,Circuit Paul Ricard,MSC,Haas F1 Team,9.0,SOFT,3.0,1,1.0288,19
2022,French Grand Prix,Circuit Paul Ricard,LAT,Williams,9.0,SOFT,2.0,1,1.0312,20
2022,Hungarian Grand Prix,Hungaroring,RUS,Mercedes,14.0,SOFT,3.0,1,1.0116,1
2022,Hungarian Grand Prix,Hungaroring,SAI,Ferrari,13.0,SOFT,4.0,1,1.0029,2
2022,Hungarian Grand Prix,Hungaroring,LEC,Ferrari,9.0,SOFT,2.0,1,1.0,3
2022,Hungarian Grand Prix,Hungaroring,NOR,McLaren,9.0,SOFT,2.0,1,1.0028,4
2022,Hungarian Grand Prix,Hungaroring,OCO,Alpine,9.0,SOFT,2.0,1,1.0149,5
2022,Hungarian Grand Prix,Hungaroring,ALO,Alpine,10.0,SOFT,2.0,1,1.0077,6
2022,Hungarian Grand Prix,Hungaroring,HAM,Mercedes,9.0,SOFT,2.0,1,1.014,7
2022,Hungarian Grand Prix,Hungaroring,BOT,Alfa Romeo,13.0,SOFT,2.0,1,1.0123,8
2022,Hungarian Grand Prix,Hungaroring,RIC,McLaren,9.0,SOFT,2.0,1,1.0054,9
2022,Hungarian Grand Prix,Hungaroring,PER,Red Bull Racing,10.0,SOFT,2.0,1,1.0121,10
2022,Hungarian Grand Prix,Hungaroring,ZHO,Alfa Romeo,10.0,SOFT,2.0,1,1.0148,11
2022,Hungarian Grand Prix,Hungaroring,VER,Red Bull Racing,10.0,SOFT,2.0,1,1.0036,12
2022,Hungarian Grand Prix,Hungaroring,MAG,Haas F1 Team,14.0,SOFT,5.0,1,1.0175,13
2022,Hungarian Grand Prix,Hungaroring,STR,Aston Martin,11.0,SOFT,2.0,1,1.016,14
2022,Hungarian Grand Prix,Hungaroring,MSC,Haas F1 Team,11.0,SOFT,2.0,1,1.0196,15
2022,Hungarian Grand Prix,Hungaroring,TSU,AlphaTauri,12.0,SOFT,3.0,1,1.0265,16
2022,Hungarian Grand Prix,Hungaroring,ALB,Williams,6.0,SOFT,6.0,1,1.0277,17
2022,Hungarian Grand Prix,Hungaroring,VET,Aston Martin,11.0,SOFT,2.0,1,1.0103,18
2022,Hungarian Grand Prix,Hungaroring,GAS,AlphaTauri,13.0,SOFT,5.0,1,1.0164,19
2022,Hungarian Grand Prix,Hungaroring,LAT,Williams,8.0,SOFT,2.0,1,1.026,20
2022,Belgian Grand Prix,Circuit de Spa-Francorchamps,VER,Red Bull Racing,9.0,SOFT,2.0,1,1.0,1
2022,Belgian Grand Prix,Circuit de Spa-Francorchamps,SAI,Ferrari,9.0,SOFT,2.0,1,1.0108,2
2022,Belgian Grand Prix,Circuit de Spa-Francorchamps,PER,Red Bull Racing,9.0,SOFT,2.0,1,1.0174,3
2022,Belgian Grand Prix,Circuit de Spa-Francorchamps,LEC,Ferrari,10.0,SOFT,2.0,1,1.0082,4
2022,Belgian Grand Prix,Circuit de Spa-Francorchamps,OCO,Alpine,11.0,SOFT,2.0,1,1.0231,5
2022,Belgian Grand Prix,Circuit de Spa-Francorchamps,ALO,Alpine,9.0,SOFT,2.0,1,1.0139,6
2022,Belgian Grand Prix,Circuit de Spa-Francorchamps,HAM,Mercedes,8.0,SOFT,2.0,1,1.0131,7
2022,Belgian Grand Prix,Circuit de Spa-Francorchamps,RIC,McLaren,8.0,SOFT,2.0,1,1.0166,8
2022,Belgian Grand Prix,Circuit de Spa-Francorchamps,RUS,Mercedes,11.0,SOFT,4.0,1,1.0145,9
2022,Belgian Grand Prix,Circuit de Spa-Francorchamps,GAS,AlphaTauri,11.0,SOFT,2.0,1,1.0216,10
2022,Belgian Grand Prix,Circuit de Spa-Francorchamps,ALB,Williams,8.0,SOFT,2.0,1,1.0191,11
2022,Belgian Grand Prix,Circuit de Spa-Francorchamps,ZHO,Alfa Romeo,11.0,SOFT,2.0,1,1.02,12
2022,Belgian Grand Prix,Circuit de Spa-Francorchamps,NOR,McLaren,6.0,SOFT,2.0,1,1.0103,13
2022,Belgian Grand Prix,Circuit de Spa-Francorchamps,VET,Aston Martin,11.0,SOFT,2.0,1,1.0224,14
2022,Belgian Grand Prix,Circuit de Spa-Francorchamps,LAT,Williams,7.0,SOFT,2.0,1,1.0294,15
2022,Belgian Grand Prix,Circuit de Spa-Francorchamps,MAG,Haas F1 Team,9.0,SOFT,2.0,1,1.0256,16
2022,Belgian Grand Prix,Circuit de Spa-Francorchamps,STR,Aston Martin,9.0,SOFT,2.0,1,1.0107,17
2022,Belgian Grand Prix,Circuit de Spa-Francorchamps,TSU,AlphaTauri,10.0,SOFT,2.0,1,1.0204,18
2022,Belgian Grand Prix,Circuit de Spa-Francorchamps,MSC,Haas F1 Team,4.0,SOFT,4.0,1,1.042,19
2022,Belgian Grand Prix,Circuit de Spa-Francorchamps,BOT,Alfa Romeo,10.0,SOFT,2.0,1,1.0276,20
2022,Dutch Grand Prix,Circuit Zandvoort,VER,Red Bull Racing,8.0,SOFT,8.0,1,1.0096,1
2022,Dutch Grand Prix,Circuit Zandvoort,LEC,Ferrari,14.0,MEDIUM,14.0,1,1.0,2
2022,Dutch Grand Prix,Circuit Zandvoort,SAI,Ferrari,10.0,MEDIUM,10.0,1,1.0001,3
2022,Dutch Grand Prix,Circuit Zandvoort,HAM,Mercedes,10.0,MEDIUM,10.0,1,1.001,4
2022,Dutch Grand Prix,Circuit Zandvoort,PER,Red Bull Racing,11.0,MEDIUM,11.0,1,1.0159,5
2022,Dutch Grand Prix,Circuit Zandvoort,RUS,Mercedes,11.0,MEDIUM,11.0,1,1.0043,6
2022,Dutch Grand Prix,Circuit Zandvoort,NOR,McLaren,10.0,MEDIUM,10.0,1,1.0014,7
2022,Dutch Grand Prix,Circuit Zandvoort,STR,Aston Martin,14.0,MEDIUM,14.0,1,1.0055,8
2022,Dutch Grand Prix,Circuit Zandvoort,MSC,Haas F1 Team,10.0,MEDIUM,10.0,1,1.0174,9
2022,Dutch Grand Prix,Circuit Zandvoort,OCO,Alpine,10.0,MEDIUM,10.0,1,1.0133,10
2022,Dutch Grand Prix,Circuit Zandvoort,ALO,Alpine,9.0,HARD,9.0,1,1.007,11
2022,Dutch Grand Prix,Circuit Zandvoort,ZHO,Alfa Romeo,12.0,MEDIUM,12.0,1,1.0177,12
2022,Dutch Grand Prix,Circuit Zandvoort,ALB,Williams,8.0,SOFT,8.0,1,1.0206,13
2022,Dutch Grand Prix,Circuit Zandvoort,BOT,Alfa Romeo,14.0,MEDIUM,14.0,1,1.0252,14
2022,Dutch Grand Prix,Circuit Zandvoort,RIC,McLaren,7.0,MEDIUM,7.0,1,1.0141,15
2022,Dutch Grand Prix,Circuit Zandvoort,MAG,Haas F1 Team,9.0,MEDIUM,9.0,1,1.0268,16
2022,Dutch Grand Prix,Circuit Zandvoort,VET,Aston Martin,13.0,MEDIUM,13.0,1,1.0175,17
2022,Dutch Grand Prix,Circuit Zandvoort,TSU,AlphaTauri,9.0,MEDIUM,9.0,1,1.0148,18
2022,Dutch Grand Prix,Circuit Zandvoort,LAT,Williams,10.0,MEDIUM,10.0,1,1.0339,19
2022,Italian Grand Prix,Monza Circuit,LEC,Ferrari,11.0,SOFT,5.0,1,1.0024,1
2022,Italian Grand Prix,Monza Circuit,VER,Red Bull Racing,9.0,SOFT,3.0,2,1.0018,2
2022,Italian Grand Prix,Monza Circuit,SAI,Ferrari,11.0,SOFT,3.0,1,1.0,3
2022,Italian Grand Prix,Monza Circuit,PER,Red Bull Racing,13.0,SOFT,4.0,1,1.0089,4
2022,Italian Grand Prix,Monza Circuit,HAM,Mercedes,8.0,SOFT,2.0,2,1.0103,5
2022,Italian Grand Prix,Monza Circuit,RUS,Mercedes,11.0,SOFT,3.0,1,1.0088,6
2022,Italian Grand Prix,Monza Circuit,NOR,McLaren,10.0,SOFT,2.0,1,1.0083,7
2022,Italian Grand Prix,Monza Circuit,ALO,Alpine,8.0,SOFT,2.0,1,1.0133,8
2022,Italian Grand Prix,Monza Circuit,RIC,McLaren,10.0,SOFT,2.0,1,1.0153,9
2022,Italian Grand Prix,Monza Circuit,TSU,AlphaTauri,7.0,MEDIUM,7.0,1,1.019,10
2022,Italian Grand Prix,Monza Circuit,OCO,Alpine,15.0,SOFT,6.0,1,1.013,11
2022,Italian Grand Prix,Monza Circuit,BOT,Alfa Romeo,2.0,SOFT,2.0,1,1.0163,12
2022,Italian Grand Prix,Monza Circuit,ZHO,Alfa Romeo,11.0,SOFT,2.0,1,1.0156,13
2022,Italian Grand Prix,Monza Circuit,LAT,Williams,8.0,SOFT,2.0,1,1.0284,14
2022,Italian Grand Prix,Monza Circuit,VET,Aston Martin,13.0,SOFT,3.0,1,1.0253,15
2022,Italian Grand Prix,Monza Circuit,GAS,AlphaTauri,15.0,SOFT,7.0,1,1.018,16
2022,Italian Grand Prix,Monza Circuit,STR,Aston Martin,10.0,SOFT,3.0,2,1.026,17
2022,Italian Grand Prix,Monza Circuit,MAG,Haas F1 Team,9.0,SOFT,4.0,1,1.0232,18
2022,Italian Grand Prix,Monza Circuit,MSC,Haas F1 Team,6.0,SOFT,2.0,1,1.0358,19
2022,Singapore Grand Prix,Marina Bay Street Circuit,LEC,Ferrari,9.0,SOFT,2.0,1,1.002,1
2022,Singapore Grand Prix,Marina Bay Street Circuit,PER,Red Bull Racing,5.0,SOFT,5.0,1,1.0129,2
2022,Singapore Grand Prix,Marina Bay Street Circuit,HAM,Mercedes,11.0,SOFT,4.0,1,1.0058,3
2022,Singapore Grand Prix,Marina Bay Street Circuit,SAI,Ferrari,13.0,SOFT,5.0,1,1.0,4
2022,Singapore Grand Prix,Marina Bay Street Circuit,ALO,Alpine,12.0,SOFT,5.0,1,1.0091,5
2022,Singapore Grand Prix,Marina Bay Street Circuit,NOR,McLaren,9.0,SOFT,2.0,1,1.0139,6
2022,Singapore Grand Prix,Marina Bay Street Circuit,GAS,AlphaTauri,10.0,SOFT,2.0,1,1.0183,7
2022,Singapore Grand Prix,Marina Bay Street Circuit,VER,Red Bull Racing,5.0,SOFT,2.0,1,1.0033,8
2022,Singapore Grand Prix,Marina Bay Street Circuit,MAG,Haas F1 Team,8.0,SOFT,2.0,1,1.0179,9
2022,Singapore Grand Prix,Marina Bay Street Circuit,TSU,AlphaTauri,9.0,MEDIUM,9.0,1,1.0256,10
2022,Singapore Grand Prix,Marina Bay Street Circuit,RUS,Mercedes,14.0,SOFT,4.0,2,1.0032,11
2022,Singapore Grand Prix,Marina Bay Street Circuit,STR,Aston Martin,10.0,SOFT,5.0,1,1.0136,12
2022,Singapore Grand Prix,Marina Bay Street Circuit,MSC,Haas F1 Team,8.0,SOFT,2.0,1,1.0296,13
2022,Singapore Grand Prix,Marina Bay Street Circuit,VET,Aston Martin,10.0,SOFT,2.0,1,1.0162,14
2022,Singapore Grand Prix,Marina Bay Street Circuit,ZHO,Alfa Romeo,12.0,SOFT,4.0,1,1.0189,15
2022,Singapore Grand Prix,Marina Bay Street Circuit,BOT,Alfa Romeo,11.0,SOFT,2.0,1,1.0082,16
2022,Singapore Grand Prix,Marina Bay Street Circuit,RIC,McLaren,10.0,SOFT,4.0,1,1.0279,17
2022,Singapore Grand Prix,Marina Bay Street Circuit,OCO,Alpine,11.0,SOFT,4.0,2,1.008,18
2022,Singapore Grand Prix,Marina Bay Street Circuit,ALB,Williams,8.0,SOFT,2.0,1,1.0249,19
2022,Singapore Grand Prix,Marina Bay Street Circuit,LAT,Williams,9.0,SOFT,2.0,1,1.0387,20
2022,Japanese Grand Prix,Suzuka International Racing Course,VER,Red Bull Racing,6.0,INTERMEDIATE,10.0,1,1.0083,1
2022,Japanese Grand Prix,Suzuka International Racing Course,LEC,Ferrari,9.0,INTERMEDIATE,14.0,1,1.0272,2
2022,Japanese Grand Prix,Suzuka International Racing Course,SAI,Ferrari,12.0,INTERMEDIATE,10.0,1,1.0124,3
2022,Japanese Grand Prix,Suzuka International Racing Course,PER,Red Bull Racing,11.0,INTERMEDIATE,15.0,1,1.0088,4
2022,Japanese Grand Prix,Suzuka International Racing Course,OCO,Alpine,3.0,INTERMEDIATE,8.0,1,1.0191,5
2022,Japanese Grand Prix,Suzuka International Racing Course,HAM,Mercedes,13.0,INTERMEDIATE,2.0,1,1.0023,6
2022,Japanese Grand Prix,Suzuka International Racing Course,ALO,Alpine,6.0,INTERMEDIATE,9.0,1,1.0157,7
2022,Japanese Grand Prix,Suzuka International Racing Course,RUS,Mercedes,16.0,INTERMEDIATE,2.0,1,1.0,8
2022,Japanese Grand Prix,Suzuka International Racing Course,VET,Aston Martin,7.0,INTERMEDIATE,10.0,1,1.0326,9
2022,Japanese Grand Prix,Suzuka International Racing Course,RIC,McLaren,7.0,INTERMEDIATE,9.0,1,1.0402,10
2022,Japanese Grand Prix,Suzuka International Racing Course,BOT,Alfa Romeo,9.0,INTERMEDIATE,14.0,1,1.0176,11
2022,Japanese Grand Prix,Suzuka International Racing Course,TSU,AlphaTauri,11.0,INTERMEDIATE,12.0,1,1.0326,12
2022,Japanese Grand Prix,Suzuka International Racing Course,ZHO,Alfa Romeo,11.0,INTERMEDIATE,13.0,1,1.0254,13
2022,Japanese Grand Prix,Suzuka International Racing Course,NOR,McLaren,10.0,INTERMEDIATE,10.0,1,1.0388,14
2022,Japanese Grand Prix,Suzuka International Racing Course,ALB,Williams,11.0,INTERMEDIATE,12.0,1,1.0305,15
2022,Japanese Grand Prix,Suzuka International Racing Course,GAS,AlphaTauri,11.0,INTERMEDIATE,12.0,1,1.0508,16
2022,Japanese Grand Prix,Suzuka International Racing Course,MAG,Haas F1 Team,13.0,INTERMEDIATE,2.0,1,1.0123,17
2022,Japanese Grand Prix,Suzuka International Racing Course,STR,Aston Martin,7.0,INTERMEDIATE,12.0,1,1.0475,18
2022,Japanese Grand Prix,Suzuka International Racing Course,LAT,Williams,11.0,INTERMEDIATE,12.0,1,1.0297,19
2022,United States Grand Prix,Circuit of the Americas,SAI,Ferrari,7.0,TEST_UNKNOWN,2.0,1,1.0147,1
2022,United States Grand Prix,Circuit of the Americas,LEC,Ferrari,7.0,MEDIUM,2.0,1,1.0,2
2022,United States Grand Prix,Circuit of the Americas,VER,Red Bull Racing,9.0,TEST_UNKNOWN,4.0,1,1.0286,3
2022,United States Grand Prix,Circuit of the Americas,PER,Red Bull Racing,9.0,TEST_UNKNOWN,4.0,1,1.0314,4
2022,United States Grand Prix,Circuit of the Americas,HAM,Mercedes,4.0,TEST_UNKNOWN,4.0,1,1.0298,5
2022,United States Grand Prix,Circuit of the Americas,RUS,Mercedes,4.0,TEST_UNKNOWN,4.0,1,1.0388,6
2022,United States Grand Prix,Circuit of the Americas,STR,Aston Martin,9.0,TEST_UNKNOWN,4.0,1,1.0413,7
2022,United States Grand Prix,Circuit of the Americas,NOR,McLaren,7.0,TEST_UNKNOWN,2.0,1,1.0283,8
2022,United States Grand Prix,Circuit of the Americas,ALO,Alpine,8.0,TEST_UNKNOWN,3.0,1,1.0467,9
2022,United States Grand Prix,Circuit of the Americas,BOT,Alfa Romeo,12.0,SOFT,5.0,1,1.0074,10
2022,United States Grand Prix,Circuit of the Americas,ALB,Williams,9.0,TEST_UNKNOWN,4.0,1,1.0521,11
2022,United States Grand Prix,Circuit of the Americas,VET,Aston Martin,9.0,TEST_UNKNOWN,4.0,1,1.0521,12
2022,United States Grand Prix,Circuit of the Americas,GAS,AlphaTauri,7.0,TEST_UNKNOWN,2.0,1,1.0313,13
2022,United States Grand Prix,Circuit of the Americas,MAG,Haas F1 Team,7.0,TEST_UNKNOWN,2.0,1,1.0338,14
2022,United States Grand Prix,Circuit of the Americas,ZHO,Alfa Romeo,8.0,TEST_UNKNOWN,3.0,1,1.0398,15
2022,United States Grand Prix,Circuit of the Americas,RIC,McLaren,12.0,SOFT,2.0,1,1.0084,16
2022,United States Grand Prix,Circuit of the Americas,OCO,Alpine,9.0,TEST_UNKNOWN,4.0,1,1.0465,17
2022,United States Grand Prix,Circuit of the Americas,MSC,Haas F1 Team,7.0,TEST_UNKNOWN,2.0,1,1.0279,18
2022,United States Grand Prix,Circuit of the Americas,TSU,AlphaTauri,8.0,TEST_UNKNOWN,3.0,1,1.0348,19
2022,United States Grand Prix,Circuit of the Americas,LAT,Williams,8.0,TEST_UNKNOWN,3.0,1,1.0569,20
2022,Mexico City Grand Prix,Autódromo Hermanos Rodríguez,VER,Red Bull Racing,7.0,TEST_UNKNOWN,2.0,1,1.0202,1
2022,Mexico City Grand Prix,Autódromo Hermanos Rodríguez,RUS,Mercedes,10.0,SOFT,2.0,1,1.0,2
2022,Mexico City Grand Prix,Autódromo Hermanos Rodríguez,HAM,Mercedes,8.0,TEST_UNKNOWN,3.0,1,1.0192,3
2022,Mexico City Grand Prix,Autódromo Hermanos Rodríguez,PER,Red Bull Racing,7.0,TEST_UNKNOWN,2.0,1,1.0201,4
2022,Mexico City Grand Prix,Autódromo Hermanos Rodríguez,SAI,Ferrari,7.0,TEST_UNKNOWN,2.0,1,1.0215,5
2022,Mexico City Grand Prix,Autódromo Hermanos Rodríguez,BOT,Alfa Romeo,7.0,TEST_UNKNOWN,2.0,1,1.0253,6
2022,Mexico City Grand Prix,Autódromo Hermanos Rodríguez,LEC,Ferrari,7.0,TEST_UNKNOWN,2.0,1,1.0206,7
2022,Mexico City Grand Prix,Autódromo Hermanos Rodríguez,NOR,McLaren,7.0,TEST_UNKNOWN,2.0,1,1.0346,8
2022,Mexico City Grand Prix,Autódromo Hermanos Rodríguez,ALO,Alpine,8.0,TEST_UNKNOWN,3.0,1,1.0296,9
2022,Mexico City Grand Prix,Autódromo Hermanos Rodríguez,OCO,Alpine,11.0,SOFT,2.0,1,1.0151,10
2022,Mexico City Grand Prix,Autódromo Hermanos Rodríguez,RIC,McLaren,8.0,TEST_UNKNOWN,3.0,1,1.0349,11
2022,Mexico City Grand Prix,Autódromo Hermanos Rodríguez,ZHO,Alfa Romeo,8.0,TEST_UNKNOWN,3.0,1,1.0425,12
2022,Mexico City Grand Prix,Autódromo Hermanos Rodríguez,TSU,AlphaTauri,8.0,SOFT,2.0,1,1.0104,13
2022,Mexico City Grand Prix,Autódromo Hermanos Rodríguez,GAS,AlphaTauri,7.0,TEST_UNKNOWN,2.0,1,1.0267,14
2022,Mexico City Grand Prix,Autódromo Hermanos Rodríguez,MAG,Haas F1 Team,5.0,TEST_UNKNOWN,2.0,1,1.0418,15
2022,Mexico City Grand Prix,Autódromo Hermanos Rodríguez,MSC,Haas F1 Team,7.0,TEST_UNKNOWN,2.0,1,1.0364,16
2022,Mexico City Grand Prix,Autódromo Hermanos Rodríguez,VET,Aston Martin,7.0,TEST_UNKNOWN,2.0,1,1.03,17
2022,Mexico City Grand Prix,Autódromo Hermanos Rodríguez,STR,Aston Martin,9.0,TEST_UNKNOWN,4.0,1,1.0359,18
2022,Mexico City Grand Prix,Autódromo Hermanos Rodríguez,ALB,Williams,2.0,SOFT,2.0,1,1.031,19
2022,Mexico City Grand Prix,Autódromo Hermanos Rodríguez,LAT,Williams,8.0,TEST_UNKNOWN,3.0,1,1.0419,20
2022,São Paulo Grand Prix,Interlagos Circuit,LEC,Ferrari,4.0,SOFT,8.0,1,1.0169,1
2022,São Paulo Grand Prix,Interlagos Circuit,GAS,AlphaTauri,2.0,SOFT,8.0,1,1.0138,2
2022,São Paulo Grand Prix,Interlagos Circuit,MAG,Haas F1 Team,2.0,MEDIUM,7.0,1,1.0162,3
2022,São Paulo Grand Prix,Interlagos Circuit,VET,Aston Martin,28.0,SOFT,8.0,1,1.0241,4
2022,São Paulo Grand Prix,Interlagos Circuit,VER,Red Bull Racing,18.0,SOFT,6.0,1,1.0066,5
2022,São Paulo Grand Prix,Interlagos Circuit,RUS,Mercedes,3.0,SOFT,9.0,1,1.0042,6
2022,São Paulo Grand Prix,Interlagos Circuit,RIC,McLaren,9.0,SOFT,7.0,1,1.0186,7
2022,São Paulo Grand Prix,Interlagos Circuit,STR,Aston Martin,28.0,SOFT,8.0,1,1.0222,8
2022,São Paulo Grand Prix,Interlagos Circuit,NOR,McLaren,21.0,MEDIUM,10.0,1,1.0167,9
2022,São Paulo Grand Prix,Interlagos Circuit,SAI,Ferrari,21.0,SOFT,7.0,1,1.0168,10
2022,São Paulo Grand Prix,Interlagos Circuit,OCO,Alpine,11.0,SOFT,6.0,1,1.0,11
2022,São Paulo Grand Prix,Interlagos Circuit,ALO,Alpine,21.0,MEDIUM,15.0,1,1.006,12
2022,São Paulo Grand Prix,Interlagos Circuit,HAM,Mercedes,12.0,SOFT,5.0,1,1.0071,13
2022,São Paulo Grand Prix,Interlagos Circuit,LAT,Williams,16.0,SOFT,3.0,1,1.0211,14
2022,São Paulo Grand Prix,Interlagos Circuit,ZHO,Alfa Romeo,17.0,SOFT,5.0,1,1.025,15
2022,São Paulo Grand Prix,Interlagos Circuit,BOT,Alfa Romeo,23.0,SOFT,12.0,1,1.0193,16
2022,São Paulo Grand Prix,Interlagos Circuit,PER,Red Bull Racing,19.0,SOFT,7.0,1,1.0025,17
2022,São Paulo Grand Prix,Interlagos Circuit,TSU,AlphaTauri,17.0,SOFT,3.0,1,1.0169,18
2022,São Paulo Grand Prix,Interlagos Circuit,MSC,Haas F1 Team,22.0,SOFT,2.0,1,1.0145,19
2022,Abu Dhabi Grand Prix,Yas Marina Circuit,VER,Red Bull Racing,14.0,SOFT,2.0,1,1.0,1
2022,Abu Dhabi Grand Prix,Yas Marina Circuit,PER,Red Bull Racing,8.0,SOFT,2.0,1,1.0083,2
2022,Abu Dhabi Grand Prix,Yas Marina Circuit,LEC,Ferrari,10.0,SOFT,2.0,1,1.0053,3
2022,Abu Dhabi Grand Prix,Yas Marina Circuit,SAI,Ferrari,16.0,SOFT,7.0,2,1.0092,4
2022,Abu Dhabi Grand Prix,Yas Marina Circuit,HAM,Mercedes,13.0,SOFT,5.0,1,1.0072,5
2022,Abu Dhabi Grand Prix,Yas Marina Circuit,RUS,Mercedes,12.0,SOFT,3.0,1,1.004,6
2022,Abu Dhabi Grand Prix,Yas Marina Circuit,NOR,McLaren,11.0,SOFT,4.0,1,1.0145,7
2022,Abu Dhabi Grand Prix,Yas Marina Circuit,OCO,Alpine,9.0,SOFT,2.0,1,1.0105,8
2022,Abu Dhabi Grand Prix,Yas Marina Circuit,VET,Aston Martin,11.0,SOFT,2.0,1,1.0147,9
2022,Abu Dhabi Grand Prix,Yas Marina Circuit,RIC,McLaren,9.0,SOFT,2.0,2,1.0115,10
2022,Abu Dhabi Grand Prix,Yas Marina Circuit,ALO,Alpine,14.0,SOFT,2.0,1,1.0105,11
2022,Abu Dhabi Grand Prix,Yas Marina Circuit,TSU,AlphaTauri,11.0,SOFT,2.0,1,1.018,12
2022,Abu Dhabi Grand Prix,Yas Marina Circuit,MSC,Haas F1 Team,10.0,SOFT,2.0,1,1.0199,13
2022,Abu Dhabi Grand Prix,Yas Marina Circuit,STR,Aston Martin,13.0,SOFT,5.0,2,1.0165,14
2022,Abu Dhabi Grand Prix,Yas Marina Circuit,ZHO,Alfa Romeo,14.0,SOFT,5.0,1,1.0157,15
2022,Abu Dhabi Grand Prix,Yas Marina Circuit,MAG,Haas F1 Team,12.0,SOFT,5.0,2,1.0208,16
2022,Abu Dhabi Grand Prix,Yas Marina Circuit,GAS,AlphaTauri,8.0,MEDIUM,8.0,1,1.0222,17
2022,Abu Dhabi Grand Prix,Yas Marina Circuit,BOT,Alfa Romeo,9.0,SOFT,2.0,1,1.0136,18
2022,Abu Dhabi Grand Prix,Yas Marina Circuit,ALB,Williams,9.0,SOFT,2.0,1,1.0188,19
2022,Abu Dhabi Grand Prix,Yas Marina Circuit,LAT,Williams,9.0,SOFT,2.0,1,1.0249,20
